{
    "task_info": {
        "name": "Task 1: Text Detection (OBB)",
        "total_blocks": 31
    },
    "output": {
        "text_blocks": [
            {
                "id": 0,
                "polygon": {
                    "x0": 436,
                    "y0": 260,
                    "x1": 435,
                    "y1": 212,
                    "x2": 332,
                    "y2": 212,
                    "x3": 332,
                    "y3": 260
                },
                "yolo_standard": {
                    "x_center": 0.404955,
                    "y_center": 0.299969,
                    "w": 0.10892,
                    "h": 0.060662,
                    "rotation": -0.001
                }
            },
            {
                "id": 1,
                "polygon": {
                    "x0": 684,
                    "y0": 430,
                    "x1": 684,
                    "y1": 398,
                    "x2": 622,
                    "y2": 398,
                    "x3": 622,
                    "y3": 430
                },
                "yolo_standard": {
                    "x_center": 0.688592,
                    "y_center": 0.52547,
                    "w": 0.065839,
                    "h": 0.040501,
                    "rotation": -0.0082
                }
            },
            {
                "id": 2,
                "polygon": {
                    "x0": 709,
                    "y0": 512,
                    "x1": 710,
                    "y1": 471,
                    "x2": 609,
                    "y2": 468,
                    "x3": 609,
                    "y3": 510
                },
                "yolo_standard": {
                    "x_center": 0.695446,
                    "y_center": 0.622213,
                    "w": 0.106411,
                    "h": 0.05309,
                    "rotation": 0.0223
                }
            },
            {
                "id": 3,
                "polygon": {
                    "x0": 560,
                    "y0": 595,
                    "x1": 561,
                    "y1": 552,
                    "x2": 500,
                    "y2": 550,
                    "x3": 499,
                    "y3": 594
                },
                "yolo_standard": {
                    "x_center": 0.558752,
                    "y_center": 0.726789,
                    "w": 0.064052,
                    "h": 0.055421,
                    "rotation": 0.0204
                }
            },
            {
                "id": 4,
                "polygon": {
                    "x0": 460,
                    "y0": 192,
                    "x1": 461,
                    "y1": 137,
                    "x2": 315,
                    "y2": 135,
                    "x3": 315,
                    "y3": 190
                },
                "yolo_standard": {
                    "x_center": 0.409184,
                    "y_center": 0.20828,
                    "w": 0.15335,
                    "h": 0.069873,
                    "rotation": 0.0147
                }
            },
            {
                "id": 5,
                "polygon": {
                    "x0": 566,
                    "y0": 679,
                    "x1": 565,
                    "y1": 638,
                    "x2": 502,
                    "y2": 640,
                    "x3": 504,
                    "y3": 681
                },
                "yolo_standard": {
                    "x_center": 0.563392,
                    "y_center": 0.836289,
                    "w": 0.065922,
                    "h": 0.052515,
                    "rotation": -0.0309
                }
            },
            {
                "id": 6,
                "polygon": {
                    "x0": 656,
                    "y0": 189,
                    "x1": 659,
                    "y1": 136,
                    "x2": 515,
                    "y2": 128,
                    "x3": 512,
                    "y3": 182
                },
                "yolo_standard": {
                    "x_center": 0.617442,
                    "y_center": 0.201684,
                    "w": 0.15182,
                    "h": 0.067683,
                    "rotation": 0.0515
                }
            },
            {
                "id": 7,
                "polygon": {
                    "x0": 706,
                    "y0": 680,
                    "x1": 707,
                    "y1": 646,
                    "x2": 592,
                    "y2": 644,
                    "x3": 591,
                    "y3": 678
                },
                "yolo_standard": {
                    "x_center": 0.68436,
                    "y_center": 0.839904,
                    "w": 0.121314,
                    "h": 0.043263,
                    "rotation": 0.0162
                }
            },
            {
                "id": 8,
                "polygon": {
                    "x0": 466,
                    "y0": 596,
                    "x1": 467,
                    "y1": 563,
                    "x2": 339,
                    "y2": 561,
                    "x3": 338,
                    "y3": 594
                },
                "yolo_standard": {
                    "x_center": 0.424888,
                    "y_center": 0.733671,
                    "w": 0.13507,
                    "h": 0.042036,
                    "rotation": 0.0182
                }
            },
            {
                "id": 9,
                "polygon": {
                    "x0": 581,
                    "y0": 426,
                    "x1": 581,
                    "y1": 394,
                    "x2": 452,
                    "y2": 393,
                    "x3": 452,
                    "y3": 426
                },
                "yolo_standard": {
                    "x_center": 0.54483,
                    "y_center": 0.520033,
                    "w": 0.136262,
                    "h": 0.040824,
                    "rotation": 0.0042
                }
            },
            {
                "id": 10,
                "polygon": {
                    "x0": 710,
                    "y0": 350,
                    "x1": 710,
                    "y1": 303,
                    "x2": 504,
                    "y2": 304,
                    "x3": 504,
                    "y3": 350
                },
                "yolo_standard": {
                    "x_center": 0.640461,
                    "y_center": 0.414752,
                    "w": 0.217179,
                    "h": 0.058598,
                    "rotation": -0.0027
                }
            },
            {
                "id": 11,
                "polygon": {
                    "x0": 856,
                    "y0": 611,
                    "x1": 855,
                    "y1": 560,
                    "x2": 716,
                    "y2": 561,
                    "x3": 716,
                    "y3": 612
                },
                "yolo_standard": {
                    "x_center": 0.828327,
                    "y_center": 0.743393,
                    "w": 0.147279,
                    "h": 0.064563,
                    "rotation": -0.0042
                }
            },
            {
                "id": 12,
                "polygon": {
                    "x0": 704,
                    "y0": 594,
                    "x1": 704,
                    "y1": 554,
                    "x2": 577,
                    "y2": 555,
                    "x3": 578,
                    "y3": 595
                },
                "yolo_standard": {
                    "x_center": 0.675762,
                    "y_center": 0.729004,
                    "w": 0.133412,
                    "h": 0.050921,
                    "rotation": -0.0099
                }
            },
            {
                "id": 13,
                "polygon": {
                    "x0": 942,