{
    "task_info": {
        "name": "Task 1: Text Detection (OBB)",
        "total_blocks": 25
    },
    "output": {
        "text_blocks": [
            {
                "id": 0,
                "polygon": {
                    "x0": 943,
                    "y0": 1767,
                    "x1": 944,
                    "y1": 1648,
                    "x2": 471,
                    "y2": 1646,
                    "x3": 470,
                    "y3": 1765
                },
                "yolo_standard": {
                    "x_center": 0.235758,
                    "y_center": 0.426727,
                    "w": 0.157662,
                    "h": 0.029617,
                    "rotation": 0.0046
                }
            },
            {
                "id": 1,
                "polygon": {
                    "x0": 815,
                    "y0": 2240,
                    "x1": 812,
                    "y1": 2039,
                    "x2": 332,
                    "y2": 2047,
                    "x3": 335,
                    "y3": 2248
                },
                "yolo_standard": {
                    "x_center": 0.191353,
                    "y_center": 0.536043,
                    "w": 0.160075,
                    "h": 0.050329,
                    "rotation": -0.0165
                }
            },
            {
                "id": 2,
                "polygon": {
                    "x0": 2994,
                    "y0": 1803,
                    "x1": 2994,
                    "y1": 1745,
                    "x2": 2835,
                    "y2": 1746,
                    "x3": 2835,
                    "y3": 1803
                },
                "yolo_standard": {
                    "x_center": 0.971641,
                    "y_center": 0.443691,
                    "w": 0.053062,
                    "h": 0.014324,
                    "rotation": -0.0048
                }
            },
            {
                "id": 3,
                "polygon": {
                    "x0": 553,
                    "y0": 1846,
                    "x1": 552,
                    "y1": 1792,
                    "x2": 375,
                    "y2": 1793,
                    "x3": 375,
                    "y3": 1847
                },
                "yolo_standard": {
                    "x_center": 0.154704,
                    "y_center": 0.455012,
                    "w": 0.059152,
                    "h": 0.013505,
                    "rotation": -0.0087
                }
            },
            {
                "id": 4,
                "polygon": {
                    "x0": 978,
                    "y0": 3053,
                    "x1": 983,
                    "y1": 2823,
                    "x2": 378,
                    "y2": 2811,
                    "x3": 374,
                    "y3": 3042
                },
                "yolo_standard": {
                    "x_center": 0.226278,
                    "y_center": 0.733142,
                    "w": 0.201515,
                    "h": 0.057692,
                    "rotation": 0.0193
                }
            },
            {
                "id": 5,
                "polygon": {
                    "x0": 1001,
                    "y0": 1841,
                    "x1": 1002,
                    "y1": 1785,
                    "x2": 873,
                    "y2": 1784,
                    "x3": 873,
                    "y3": 1840
                },
                "yolo_standard": {
                    "x_center": 0.312636,
                    "y_center": 0.45321,
                    "w": 0.042816,
                    "h": 0.014105,
                    "rotation": 0.0072
                }
            },
            {
                "id": 6,
                "polygon": {
                    "x0": 653,
                    "y0": 1844,
                    "x1": 652,
                    "y1": 1786,
                    "x2": 570,
                    "y2": 1787,
                    "x3": 570,
                    "y3": 1845
                },
                "yolo_standard": {
                    "x_center": 0.203983,
                    "y_center": 0.454029,
                    "w": 0.027519,
                    "h": 0.014605,
                    "rotation": -0.0099
                }
            },
            {
                "id": 7,
                "polygon": {
                    "x0": 255,
                    "y0": 2570,
                    "x1": 254,
                    "y1": 2377,
                    "x2": 31,
                    "y2": 2377,
                    "x3": 32,
                    "y3": 2570
                },
                "yolo_standard": {
                    "x_center": 0.047798,
                    "y_center": 0.618488,
                    "w": 0.074283,
                    "h": 0.048207,
                    "rotation": -0.0019
                }
            },
            {
                "id": 8,
                "polygon": {
                    "x0": 2908,
                    "y0": 2271,
                    "x1": 2921,
                    "y1": 2134,
                    "x2": 2720,
                    "y2": 2115,
                    "x3": 2707,
                    "y3": 2252
                },
                "yolo_standard": {
                    "x_center": 0.93823,
                    "y_center": 0.548437,
                    "w": 0.067314,
                    "h": 0.034347,
                    "rotation": 0.0932
                }
            },
            {
                "id": 9,
                "polygon": {
                    "x0": 830,
                    "y0": 1845,
                    "x1": 830,
                    "y1": 1784,
                    "x2": 709,
                    "y2": 1783,
                    "x3": 709,
                    "y3": 1844
                },
                "yolo_standard": {
                    "x_center": 0.256631,
                    "y_center": 0.453562,
                    "w": 0.040436,
                    "h": 0.015216,
                    "rotation": 0.0059
                }
            },
            {
                "id": 10,
                "polygon": {
                    "x0": 258,
                    "y0": 2319,
                    "x1": 266,
                    "y1": 2080,
                    "x2": 20,
                    "y2": 2073,
                    "x3": 12,
                    "y3": 2312
                },
                "yolo_standard": {
                    "x_center": 0.046498,
                    "y_center": 0.549126,
                    "w": 0.081961,
                    "h": 0.059832,
                    "rotation": 0.0306
                }
            },
            {
                "id": 11,
                "polygon": {
                    "x0": 1784,
                    "y0": 2261,
                    "x1": 1791,
                    "y1": 2097,
                    "x2": 1647,
                    "y2": 2091,
                    "x3": 1639,
                    "y3": 2255
                },
                "yolo_standard": {
                    "x_center": 0.571907,
                    "y_center": 0.544151,
                    "w": 0.048172,
                    "h": 0.041131,
                    "rotation": 0.0436
                }
            },
            {
                "id": 12,
                "polygon": {
                    "x0": 2244,
                    "y0": 2559,
                    "x1": 2256,
                    "y1": 2377,
                    "x2": 1904,
                    "y2": 2354,
                    "x3": 1892,
                    "y3": 2536
                },
                "yolo_standard": {
                    "x_center": 0.691495,
                    "y_center": 0.614348,
                    "w": 0.117717,
                    "h": 0.045601,
                    "rotation": 0.0652
                }
            },
            {
                "id": 13,