{
    "task_info": {
        "name": "Task 1: Text Detection (OBB)",
        "total_blocks": 24
    },
    "output": {
        "text_blocks": [
            {
                "id": 0,
                "polygon": {
                    "x0": 1914,
                    "y0": 1513,
                    "x1": 1917,
                    "y1": 1410,
                    "x2": 1619,
                    "y2": 1399,
                    "x3": 1616,
                    "y3": 1502
                },
                "yolo_standard": {
                    "x_center": 0.441755,
                    "y_center": 0.485517,
                    "w": 0.074504,
                    "h": 0.034342,
                    "rotation": 0.0349
                }
            },
            {
                "id": 1,
                "polygon": {
                    "x0": 3301,
                    "y0": 865,
                    "x1": 3301,
                    "y1": 645,
                    "x2": 2640,
                    "y2": 643,
                    "x3": 2639,
                    "y3": 863
                },
                "yolo_standard": {
                    "x_center": 0.742708,
                    "y_center": 0.251595,
                    "w": 0.165357,
                    "h": 0.073439,
                    "rotation": 0.003
                }
            },
            {
                "id": 2,
                "polygon": {
                    "x0": 3119,
                    "y0": 1292,
                    "x1": 3122,
                    "y1": 1193,
                    "x2": 2859,
                    "y2": 1188,
                    "x3": 2857,
                    "y3": 1286
                },
                "yolo_standard": {
                    "x_center": 0.747409,
                    "y_center": 0.413477,
                    "w": 0.065678,
                    "h": 0.032923,
                    "rotation": 0.0222
                }
            },
            {
                "id": 3,
                "polygon": {
                    "x0": 1483,
                    "y0": 1495,
                    "x1": 1482,
                    "y1": 1409,
                    "x2": 1027,
                    "y2": 1414,
                    "x3": 1028,
                    "y3": 1499
                },
                "yolo_standard": {
                    "x_center": 0.313877,
                    "y_center": 0.484963,
                    "w": 0.11357,
                    "h": 0.028427,
                    "rotation": -0.01
                }
            },
            {
                "id": 4,
                "polygon": {
                    "x0": 924,
                    "y0": 1498,
                    "x1": 929,
                    "y1": 1404,
                    "x2": 664,
                    "y2": 1391,
                    "x3": 660,
                    "y3": 1485
                },
                "yolo_standard": {
                    "x_center": 0.198673,
                    "y_center": 0.48165,
                    "w": 0.066194,
                    "h": 0.031635,
                    "rotation": 0.0491
                }
            },
            {
                "id": 5,
                "polygon": {
                    "x0": 2547,
                    "y0": 1699,
                    "x1": 2546,
                    "y1": 1610,
                    "x2": 2110,
                    "y2": 1613,
                    "x3": 2111,
                    "y3": 1703
                },
                "yolo_standard": {
                    "x_center": 0.582262,
                    "y_center": 0.552279,
                    "w": 0.108858,
                    "h": 0.02975,
                    "rotation": -0.0078
                }
            },
            {
                "id": 6,
                "polygon": {
                    "x0": 2712,
                    "y0": 1330,
                    "x1": 2714,
                    "y1": 1219,
                    "x2": 2467,
                    "y2": 1215,
                    "x3": 2465,
                    "y3": 1326
                },
                "yolo_standard": {
                    "x_center": 0.647431,
                    "y_center": 0.424287,
                    "w": 0.061724,
                    "h": 0.037197,
                    "rotation": 0.016
                }
            },
            {
                "id": 7,
                "polygon": {
                    "x0": 3417,
                    "y0": 1490,
                    "x1": 3419,
                    "y1": 1333,
                    "x2": 3191,
                    "y2": 1331,
                    "x3": 3189,
                    "y3": 1487
                },
                "yolo_standard": {
                    "x_center": 0.826067,
                    "y_center": 0.470198,
                    "w": 0.057065,
                    "h": 0.052143,
                    "rotation": 0.0118
                }
            },
            {
                "id": 8,
                "polygon": {
                    "x0": 1995,
                    "y0": 1703,
                    "x1": 1995,
                    "y1": 1580,
                    "x2": 1438,
                    "y2": 1580,
                    "x3": 1438,
                    "y3": 1703
                },
                "yolo_standard": {
                    "x_center": 0.429255,
                    "y_center": 0.547292,
                    "w": 0.139207,
                    "h": 0.041065,
                    "rotation": -0.0
                }
            },
            {
                "id": 9,
                "polygon": {
                    "x0": 2532,
                    "y0": 1526,
                    "x1": 2525,
                    "y1": 1412,
                    "x2": 2132,
                    "y2": 1439,
                    "x3": 2140,
                    "y3": 1552
                },
                "yolo_standard": {
                    "x_center": 0.583207,
                    "y_center": 0.494201,
                    "w": 0.098358,
                    "h": 0.037996,
                    "rotation": -0.0684
                }
            },
            {
                "id": 10,
                "polygon": {
                    "x0": 1117,
                    "y0": 933,
                    "x1": 1116,
                    "y1": 814,
                    "x2": 615,
                    "y2": 814,
                    "x3": 616,
                    "y3": 933
                },
                "yolo_standard": {
                    "x_center": 0.216629,
                    "y_center": 0.291376,
                    "w": 0.125255,
                    "h": 0.039648,
                    "rotation": -0.0005
                }
            },
            {
                "id": 11,
                "polygon": {
                    "x0": 1272,
                    "y0": 1950,
                    "x1": 1271,
                    "y1": 1804,
                    "x2": 692,
                    "y2": 1807,
                    "x3": 693,
                    "y3": 1953
                },
                "yolo_standard": {
                    "x_center": 0.245675,
                    "y_center": 0.626347,
                    "w": 0.144701,
                    "h": 0.048597,
                    "rotation": -0.005
                }
            },
            {
                "id": 12,
                "polygon": {
                    "x0": 2883,
                    "y0": 2602,
                    "x1": 2868,
                    "y1": 2328,
                    "x2": 2330,
                    "y2": 2357,
                    "x3": 2345,
                    "y3": 2631
                },
                "yolo_standard": {
                    "x_center": 0.651753,
                    "y_center": 0.826635,
                    "w": 0.134533,
                    "h": 0.091584,