{
    "task_info": {
        "name": "Task 1: Text Detection (OBB)",
        "total_blocks": 30
    },
    "output": {
        "text_blocks": [
            {
                "id": 0,
                "polygon": {
                    "x0": 2884,
                    "y0": 1062,
                    "x1": 2881,
                    "y1": 952,
                    "x2": 2701,
                    "y2": 957,
                    "x3": 2704,
                    "y3": 1067
                },
                "yolo_standard": {
                    "x_center": 0.698327,
                    "y_center": 0.336617,
                    "w": 0.044977,
                    "h": 0.036639,
                    "rotation": -0.0269
                }
            },
            {
                "id": 1,
                "polygon": {
                    "x0": 2378,
                    "y0": 761,
                    "x1": 2376,
                    "y1": 625,
                    "x2": 2112,
                    "y2": 628,
                    "x3": 2114,
                    "y3": 764
                },
                "yolo_standard": {
                    "x_center": 0.56143,
                    "y_center": 0.231652,
                    "w": 0.065904,
                    "h": 0.045312,
                    "rotation": -0.0141
                }
            },
            {
                "id": 2,
                "polygon": {
                    "x0": 2219,
                    "y0": 1398,
                    "x1": 2211,
                    "y1": 1244,
                    "x2": 1947,
                    "y2": 1257,
                    "x3": 1954,
                    "y3": 1411
                },
                "yolo_standard": {
                    "x_center": 0.520865,
                    "y_center": 0.442644,
                    "w": 0.066208,
                    "h": 0.051388,
                    "rotation": -0.0489
                }
            },
            {
                "id": 3,
                "polygon": {
                    "x0": 1660,
                    "y0": 1925,
                    "x1": 1658,
                    "y1": 1767,
                    "x2": 1151,
                    "y2": 1774,
                    "x3": 1153,
                    "y3": 1932
                },
                "yolo_standard": {
                    "x_center": 0.351567,
                    "y_center": 0.61669,
                    "w": 0.126773,
                    "h": 0.052627,
                    "rotation": -0.0145
                }
            },
            {
                "id": 4,
                "polygon": {
                    "x0": 1656,
                    "y0": 1400,
                    "x1": 1657,
                    "y1": 1246,
                    "x2": 1202,
                    "y2": 1242,
                    "x3": 1200,
                    "y3": 1396
                },
                "yolo_standard": {
                    "x_center": 0.357335,
                    "y_center": 0.440447,
                    "w": 0.11393,
                    "h": 0.051195,
                    "rotation": 0.0083
                }
            },
            {
                "id": 5,
                "polygon": {
                    "x0": 3271,
                    "y0": 1080,
                    "x1": 3273,
                    "y1": 967,
                    "x2": 2926,
                    "y2": 960,
                    "x3": 2924,
                    "y3": 1073
                },
                "yolo_standard": {
                    "x_center": 0.774731,
                    "y_center": 0.340123,
                    "w": 0.086722,
                    "h": 0.037574,
                    "rotation": 0.0191
                }
            },
            {
                "id": 6,
                "polygon": {
                    "x0": 2392,
                    "y0": 2145,
                    "x1": 2404,
                    "y1": 1937,
                    "x2": 1852,
                    "y2": 1906,
                    "x3": 1840,
                    "y3": 2113
                },
                "yolo_standard": {
                    "x_center": 0.530659,
                    "y_center": 0.67527,
                    "w": 0.138374,
                    "h": 0.069333,
                    "rotation": 0.0576
                }
            },
            {
                "id": 7,
                "polygon": {
                    "x0": 2127,
                    "y0": 1719,
                    "x1": 2132,
                    "y1": 1563,
                    "x2": 1709,
                    "y2": 1550,
                    "x3": 1704,
                    "y3": 1706
                },
                "yolo_standard": {
                    "x_center": 0.479603,
                    "y_center": 0.545021,
                    "w": 0.105672,
                    "h": 0.05188,
                    "rotation": 0.0308
                }
            },
            {
                "id": 8,
                "polygon": {
                    "x0": 1087,
                    "y0": 1914,
                    "x1": 1090,
                    "y1": 1791,
                    "x2": 930,
                    "y2": 1787,
                    "x3": 927,
                    "y3": 1911
                },
                "yolo_standard": {
                    "x_center": 0.252239,
                    "y_center": 0.617117,
                    "w": 0.039901,
                    "h": 0.041247,
                    "rotation": 0.0211
                }
            },
            {
                "id": 9,
                "polygon": {
                    "x0": 2637,
                    "y0": 1163,
                    "x1": 2650,
                    "y1": 971,
                    "x2": 1948,
                    "y2": 924,
                    "x3": 1935,
                    "y3": 1116
                },
                "yolo_standard": {
                    "x_center": 0.573286,
                    "y_center": 0.348068,
                    "w": 0.175837,
                    "h": 0.064094,
                    "rotation": 0.0664
                }
            },
            {
                "id": 10,
                "polygon": {
                    "x0": 1175,
                    "y0": 732,
                    "x1": 1170,
                    "y1": 584,
                    "x2": 677,
                    "y2": 601,
                    "x3": 682,
                    "y3": 750
                },
                "yolo_standard": {
                    "x_center": 0.231622,
                    "y_center": 0.222461,
                    "w": 0.123418,
                    "h": 0.049624,
                    "rotation": -0.0363
                }
            },
            {
                "id": 11,
                "polygon": {
                    "x0": 1253,
                    "y0": 1178,
                    "x1": 1285,
                    "y1": 945,
                    "x2": 665,
                    "y2": 860,
                    "x3": 634,
                    "y3": 1093
                },
                "yolo_standard": {
                    "x_center": 0.23998,
                    "y_center": 0.339815,
                    "w": 0.156367,
                    "h": 0.078186,
                    "rotation": 0.136
                }
            },
            {
                "id": 12,
                "polygon": {
                    "x0": 1546,
                    "y0": 2187,
                    "x1": 1548,
                    "y1": 1939,
                    "x2": 935,
                    "y2": 1934,
                    "x3": 933,
                    "y3": 2182
                },
                "yolo_standard": {
                    "x_center": 0.310182,
                    "y_center": 0.687013,
                    "w": 0.153334,
                    "h": 0.082723,
                    "rotation": 0.0082
                }
            },
            {
                "id": 13,