{
    "task_info": {
        "name": "Task 1: Text Detection (OBB)",
        "total_blocks": 14
    },
    "output": {
        "text_blocks": [
            {
                "id": 0,
                "polygon": {
                    "x0": 1460,
                    "y0": 1436,
                    "x1": 1462,
                    "y1": 1240,
                    "x2": 1083,
                    "y2": 1236,
                    "x3": 1081,
                    "y3": 1432
                },
                "yolo_standard": {
                    "x_center": 0.519687,
                    "y_center": 0.409393,
                    "w": 0.154799,
                    "h": 0.060022,
                    "rotation": 0.0111
                }
            },
            {
                "id": 1,
                "polygon": {
                    "x0": 829,
                    "y0": 1418,
                    "x1": 851,
                    "y1": 1208,
                    "x2": 64,
                    "y2": 1126,
                    "x3": 42,
                    "y3": 1335
                },
                "yolo_standard": {
                    "x_center": 0.182462,
                    "y_center": 0.389762,
                    "w": 0.323267,
                    "h": 0.06447,
                    "rotation": 0.1044
                }
            },
            {
                "id": 2,
                "polygon": {
                    "x0": 1360,
                    "y0": 787,
                    "x1": 1364,
                    "y1": 625,
                    "x2": 1148,
                    "y2": 619,
                    "x3": 1144,
                    "y3": 782
                },
                "yolo_standard": {
                    "x_center": 0.512299,
                    "y_center": 0.215647,
                    "w": 0.08829,
                    "h": 0.049811,
                    "rotation": 0.0242
                }
            },
            {
                "id": 3,
                "polygon": {
                    "x0": 1705,
                    "y0": 518,
                    "x1": 1706,
                    "y1": 396,
                    "x2": 1555,
                    "y2": 396,
                    "x3": 1555,
                    "y3": 518
                },
                "yolo_standard": {
                    "x_center": 0.6662,
                    "y_center": 0.140146,
                    "w": 0.061437,
                    "h": 0.037317,
                    "rotation": 0.0019
                }
            },
            {
                "id": 4,
                "polygon": {
                    "x0": 825,
                    "y0": 2153,
                    "x1": 850,
                    "y1": 1932,
                    "x2": 106,
                    "y2": 1850,
                    "x3": 81,
                    "y3": 2071
                },
                "yolo_standard": {
                    "x_center": 0.190366,
                    "y_center": 0.613346,
                    "w": 0.305765,
                    "h": 0.068296,
                    "rotation": 0.1102
                }
            },
            {
                "id": 5,
                "polygon": {
                    "x0": 1326,
                    "y0": 2141,
                    "x1": 1331,
                    "y1": 1955,
                    "x2": 1043,
                    "y2": 1947,
                    "x3": 1038,
                    "y3": 2133
                },
                "yolo_standard": {
                    "x_center": 0.484047,
                    "y_center": 0.62635,
                    "w": 0.117979,
                    "h": 0.057082,
                    "rotation": 0.0276
                }
            },
            {
                "id": 6,
                "polygon": {
                    "x0": 2134,
                    "y0": 1875,
                    "x1": 2145,
                    "y1": 1680,
                    "x2": 1538,
                    "y2": 1645,
                    "x3": 1527,
                    "y3": 1839
                },
                "yolo_standard": {
                    "x_center": 0.750257,
                    "y_center": 0.53926,
                    "w": 0.248244,
                    "h": 0.059823,
                    "rotation": 0.058
                }
            },
            {
                "id": 7,
                "polygon": {
                    "x0": 1299,
                    "y0": 494,
                    "x1": 1302,
                    "y1": 361,
                    "x2": 944,
                    "y2": 353,
                    "x3": 941,
                    "y3": 487
                },
                "yolo_standard": {
                    "x_center": 0.458373,
                    "y_center": 0.129977,
                    "w": 0.146285,
                    "h": 0.041038,
                    "rotation": 0.0209
                }
            },
            {
                "id": 8,
                "polygon": {
                    "x0": 1173,
                    "y0": 493,
                    "x1": 1177,
                    "y1": 367,
                    "x2": 947,
                    "y2": 360,
                    "x3": 943,
                    "y3": 487
                },
                "yolo_standard": {
                    "x_center": 0.433209,
                    "y_center": 0.130841,
                    "w": 0.094072,
                    "h": 0.038804,
                    "rotation": 0.0287
                }
            },
            {
                "id": 9,
                "polygon": {
                    "x0": 1088,
                    "y0": 1057,
                    "x1": 1107,
                    "y1": 924,
                    "x2": 959,
                    "y2": 903,
                    "x3": 941,
                    "y3": 1036
                },
                "yolo_standard": {
                    "x_center": 0.41847,
                    "y_center": 0.300431,
                    "w": 0.060978,
                    "h": 0.041344,
                    "rotation": 0.1408
                }
            },
            {
                "id": 10,
                "polygon": {
                    "x0": 714,
                    "y0": 1024,
                    "x1": 724,
                    "y1": 849,
                    "x2": 450,
                    "y2": 834,
                    "x3": 441,
                    "y3": 1009
                },
                "yolo_standard": {
                    "x_center": 0.238048,
                    "y_center": 0.284727,
                    "w": 0.111728,
                    "h": 0.053724,
                    "rotation": 0.0538
                }
            },
            {
                "id": 11,
                "polygon": {
                    "x0": 927,
                    "y0": 1044,
                    "x1": 940,
                    "y1": 881,
                    "x2": 755,
                    "y2": 866,
                    "x3": 742,
                    "y3": 1029
                },
                "yolo_standard": {
                    "x_center": 0.343772,
                    "y_center": 0.29272,
                    "w": 0.076069,
                    "h": 0.049976,
                    "rotation": 0.0795
                }
            },
            {
                "id": 12,
                "polygon": {
                    "x0": 2080,
                    "y0": 1135,
                    "x1": 2075,
                    "y1": 968,
                    "x2": 1732,
                    "y2": 977,
                    "x3": 1737,
                    "y3": 1144
                },
                "yolo_standard": {
                    "x_center": 0.778805,
                    "y_center": 0.323712,
                    "w": 0.140184,
                    "h": 0.051352,
                    "rotation": -0.0268
                }
            },
            {
                "id": 13,