{
    "task_info": {
        "name": "Task 1: Text Detection (OBB)",
        "total_blocks": 12
    },
    "output": {
        "text_blocks": [
            {
                "id": 0,
                "polygon": {
                    "x0": 2261,
                    "y0": 2095,
                    "x1": 2258,
                    "y1": 1926,
                    "x2": 1791,
                    "y2": 1935,
                    "x3": 1794,
                    "y3": 2104
                },
                "yolo_standard": {
                    "x_center": 0.506686,
                    "y_center": 0.671849,
                    "w": 0.116749,
                    "h": 0.056543,
                    "rotation": -0.0194
                }
            },
            {
                "id": 1,
                "polygon": {
                    "x0": 1494,
                    "y0": 1074,
                    "x1": 1500,
                    "y1": 894,
                    "x2": 1055,
                    "y2": 879,
                    "x3": 1049,
                    "y3": 1060
                },
                "yolo_standard": {
                    "x_center": 0.318736,
                    "y_center": 0.325784,
                    "w": 0.111154,
                    "h": 0.060238,
                    "rotation": 0.0324
                }
            },
            {
                "id": 2,
                "polygon": {
                    "x0": 644,
                    "y0": 2084,
                    "x1": 647,
                    "y1": 1918,
                    "x2": 101,
                    "y2": 1909,
                    "x3": 98,
                    "y3": 2075
                },
                "yolo_standard": {
                    "x_center": 0.093286,
                    "y_center": 0.665642,
                    "w": 0.136494,
                    "h": 0.055449,
                    "rotation": 0.0161
                }
            },
            {
                "id": 3,
                "polygon": {
                    "x0": 3124,
                    "y0": 2139,
                    "x1": 3134,
                    "y1": 1930,
                    "x2": 2416,
                    "y2": 1896,
                    "x3": 2406,
                    "y3": 2106
                },
                "yolo_standard": {
                    "x_center": 0.692556,
                    "y_center": 0.672754,
                    "w": 0.179729,
                    "h": 0.069909,
                    "rotation": 0.0463
                }
            },
            {
                "id": 4,
                "polygon": {
                    "x0": 3882,
                    "y0": 2267,
                    "x1": 3897,
                    "y1": 2011,
                    "x2": 3253,
                    "y2": 1972,
                    "x3": 3238,
                    "y3": 2228
                },
                "yolo_standard": {
                    "x_center": 0.892034,
                    "y_center": 0.706631,
                    "w": 0.16116,
                    "h": 0.085497,
                    "rotation": 0.0594
                }
            },
            {
                "id": 5,
                "polygon": {
                    "x0": 3091,
                    "y0": 1276,
                    "x1": 3125,
                    "y1": 1057,
                    "x2": 2636,
                    "y2": 982,
                    "x3": 2602,
                    "y3": 1200
                },
                "yolo_standard": {
                    "x_center": 0.715978,
                    "y_center": 0.376452,
                    "w": 0.123785,
                    "h": 0.07363,
                    "rotation": 0.1531
                }
            },
            {
                "id": 6,
                "polygon": {
                    "x0": 1524,
                    "y0": 2088,
                    "x1": 1522,
                    "y1": 1912,
                    "x2": 716,
                    "y2": 1919,
                    "x3": 718,
                    "y3": 2096
                },
                "yolo_standard": {
                    "x_center": 0.28016,
                    "y_center": 0.668078,
                    "w": 0.201604,
                    "h": 0.058918,
                    "rotation": -0.0095
                }
            },
            {
                "id": 7,
                "polygon": {
                    "x0": 2390,
                    "y0": 1170,
                    "x1": 2412,
                    "y1": 959,
                    "x2": 1685,
                    "y2": 881,
                    "x3": 1662,
                    "y3": 1093
                },
                "yolo_standard": {
                    "x_center": 0.509489,
                    "y_center": 0.342105,
                    "w": 0.182919,
                    "h": 0.070984,
                    "rotation": 0.1057
                }
            },
            {
                "id": 8,
                "polygon": {
                    "x0": 769,
                    "y0": 1056,
                    "x1": 794,
                    "y1": 824,
                    "x2": 86,
                    "y2": 750,
                    "x3": 62,
                    "y3": 982
                },
                "yolo_standard": {
                    "x_center": 0.107111,
                    "y_center": 0.301167,
                    "w": 0.177755,
                    "h": 0.077752,
                    "rotation": 0.1036
                }
            },
            {
                "id": 9,
                "polygon": {
                    "x0": 3873,
                    "y0": 1329,
                    "x1": 3889,
                    "y1": 1110,
                    "x2": 3294,
                    "y2": 1064,
                    "x3": 3277,
                    "y3": 1283
                },
                "yolo_standard": {
                    "x_center": 0.895958,
                    "y_center": 0.398981,
                    "w": 0.149282,
                    "h": 0.073362,
                    "rotation": 0.077
                }
            },
            {
                "id": 10,
                "polygon": {
                    "x0": 777,
                    "y0": 1051,
                    "x1": 799,
                    "y1": 924,
                    "x2": 622,
                    "y2": 894,
                    "x3": 601,
                    "y3": 1021
                },
                "yolo_standard": {
                    "x_center": 0.175041,
                    "y_center": 0.324309,
                    "w": 0.044781,
                    "h": 0.042757,
                    "rotation": 0.1687
                }
            },
            {
                "id": 11,
                "polygon": {
                    "x0": 4001,
                    "y0": 975,
                    "x1": 4004,
                    "y1": 788,
                    "x2": 3941,
                    "y2": 787,
                    "x3": 3939,
                    "y3": 974
                },
                "yolo_standard": {
                    "x_center": 0.992949,
                    "y_center": 0.293859,
                    "w": 0.015631,
                    "h": 0.062391,
                    "rotation": 0.0132
                }
            }
        ]
    }
}