{
    "task_info": {
        "name": "Task 1: Text Detection (OBB)",
        "total_blocks": 18
    },
    "output": {
        "text_blocks": [
            {
                "id": 0,
                "polygon": {
                    "x0": 619,
                    "y0": 275,
                    "x1": 615,
                    "y1": 217,
                    "x2": 513,
                    "y2": 223,
                    "x3": 517,
                    "y3": 280
                },
                "yolo_standard": {
                    "x_center": 0.628007,
                    "y_center": 0.200162,
                    "w": 0.113035,
                    "h": 0.046454,
                    "rotation": -0.0571
                }
            },
            {
                "id": 1,
                "polygon": {
                    "x0": 365,
                    "y0": 166,
                    "x1": 365,
                    "y1": 119,
                    "x2": 275,
                    "y2": 120,
                    "x3": 276,
                    "y3": 167
                },
                "yolo_standard": {
                    "x_center": 0.355665,
                    "y_center": 0.115416,
                    "w": 0.099086,
                    "h": 0.037492,
                    "rotation": -0.0104
                }
            },
            {
                "id": 2,
                "polygon": {
                    "x0": 303,
                    "y0": 670,
                    "x1": 302,
                    "y1": 614,
                    "x2": 163,
                    "y2": 616,
                    "x3": 164,
                    "y3": 671
                },
                "yolo_standard": {
                    "x_center": 0.258809,
                    "y_center": 0.516771,
                    "w": 0.154541,
                    "h": 0.044382,
                    "rotation": -0.0109
                }
            },
            {
                "id": 3,
                "polygon": {
                    "x0": 139,
                    "y0": 659,
                    "x1": 140,
                    "y1": 616,
                    "x2": 68,
                    "y2": 614,
                    "x3": 66,
                    "y3": 657
                },
                "yolo_standard": {
                    "x_center": 0.114954,
                    "y_center": 0.511651,
                    "w": 0.080155,
                    "h": 0.03477,
                    "rotation": 0.0269
                }
            },
            {
                "id": 4,
                "polygon": {
                    "x0": 261,
                    "y0": 173,
                    "x1": 263,
                    "y1": 102,
                    "x2": 78,
                    "y2": 97,
                    "x3": 76,
                    "y3": 169
                },
                "yolo_standard": {
                    "x_center": 0.188487,
                    "y_center": 0.109058,
                    "w": 0.205813,
                    "h": 0.057783,
                    "rotation": 0.0242
                }
            },
            {
                "id": 5,
                "polygon": {
                    "x0": 714,
                    "y0": 426,
                    "x1": 715,
                    "y1": 351,
                    "x2": 604,
                    "y2": 350,
                    "x3": 603,
                    "y3": 425
                },
                "yolo_standard": {
                    "x_center": 0.731322,
                    "y_center": 0.31203,
                    "w": 0.122854,
                    "h": 0.060099,
                    "rotation": 0.0099
                }
            },
            {
                "id": 6,
                "polygon": {
                    "x0": 382,
                    "y0": 550,
                    "x1": 381,
                    "y1": 502,
                    "x2": 288,
                    "y2": 504,
                    "x3": 289,
                    "y3": 552
                },
                "yolo_standard": {
                    "x_center": 0.372141,
                    "y_center": 0.423488,
                    "w": 0.103615,
                    "h": 0.038633,
                    "rotation": -0.0188
                }
            },
            {
                "id": 7,
                "polygon": {
                    "x0": 164,
                    "y0": 555,
                    "x1": 167,
                    "y1": 477,
                    "x2": 36,
                    "y2": 472,
                    "x3": 33,
                    "y3": 550
                },
                "yolo_standard": {
                    "x_center": 0.11105,
                    "y_center": 0.412897,
                    "w": 0.145353,
                    "h": 0.062903,
                    "rotation": 0.0404
                }
            },
            {
                "id": 8,
                "polygon": {
                    "x0": 194,
                    "y0": 282,
                    "x1": 197,
                    "y1": 242,
                    "x2": 72,
                    "y2": 234,
                    "x3": 69,
                    "y3": 273
                },
                "yolo_standard": {
                    "x_center": 0.147903,
                    "y_center": 0.20757,
                    "w": 0.139005,
                    "h": 0.031905,
                    "rotation": 0.0684
                }
            },
            {
                "id": 9,
                "polygon": {
                    "x0": 541,
                    "y0": 215,
                    "x1": 547,
                    "y1": 122,
                    "x2": 394,
                    "y2": 111,
                    "x3": 387,
                    "y3": 204
                },
                "yolo_standard": {
                    "x_center": 0.518375,
                    "y_center": 0.131058,
                    "w": 0.17056,
                    "h": 0.074944,
                    "rotation": 0.0703
                }
            },
            {
                "id": 10,
                "polygon": {
                    "x0": 539,
                    "y0": 573,
                    "x1": 535,
                    "y1": 518,
                    "x2": 415,
                    "y2": 527,
                    "x3": 420,
                    "y3": 582
                },
                "yolo_standard": {
                    "x_center": 0.529516,
                    "y_center": 0.442079,
                    "w": 0.132492,
                    "h": 0.044827,
                    "rotation": -0.0754
                }
            },
            {
                "id": 11,
                "polygon": {
                    "x0": 484,
                    "y0": 335,
                    "x1": 488,
                    "y1": 230,
                    "x2": 243,
                    "y2": 220,
                    "x3": 238,
                    "y3": 325
                },
                "yolo_standard": {
                    "x_center": 0.403372,
                    "y_center": 0.223007,
                    "w": 0.272563,
                    "h": 0.08443,
                    "rotation": 0.0417
                }
            },
            {
                "id": 12,
                "polygon": {
                    "x0": 724,
                    "y0": 575,
                    "x1": 725,
                    "y1": 503,
                    "x2": 550,
                    "y2": 498,
                    "x3": 548,
                    "y3": 571
                },
                "yolo_standard": {
                    "x_center": 0.706494,
                    "y_center": 0.431571,
                    "w": 0.194613,
                    "h": 0.058619,
                    "rotation": 0.0252
                }
            },
            {
                "id": 13,
                "polygon": {
                    "x0": 320,