{
    "task_info": {
        "name": "Task 1: Text Detection (OBB)",
        "total_blocks": 33
    },
    "output": {
        "text_blocks": [
            {
                "id": 0,
                "polygon": {
                    "x0": 704,
                    "y0": 131,
                    "x1": 704,
                    "y1": 70,
                    "x2": 549,
                    "y2": 72,
                    "x3": 550,
                    "y3": 133
                },
                "yolo_standard": {
                    "x_center": 0.690057,
                    "y_center": 0.198957,
                    "w": 0.169919,
                    "h": 0.118268,
                    "rotation": -0.0105
                }
            },
            {
                "id": 1,
                "polygon": {
                    "x0": 292,
                    "y0": 86,
                    "x1": 295,
                    "y1": 24,
                    "x2": 146,
                    "y2": 17,
                    "x3": 143,
                    "y3": 79
                },
                "yolo_standard": {
                    "x_center": 0.241624,
                    "y_center": 0.101191,
                    "w": 0.163683,
                    "h": 0.121329,
                    "rotation": 0.0466
                }
            },
            {
                "id": 2,
                "polygon": {
                    "x0": 777,
                    "y0": 352,
                    "x1": 777,
                    "y1": 302,
                    "x2": 689,
                    "y2": 302,
                    "x3": 689,
                    "y3": 351
                },
                "yolo_standard": {
                    "x_center": 0.806848,
                    "y_center": 0.637625,
                    "w": 0.096218,
                    "h": 0.096541,
                    "rotation": 0.0051
                }
            },
            {
                "id": 3,
                "polygon": {
                    "x0": 892,
                    "y0": 349,
                    "x1": 892,
                    "y1": 311,
                    "x2": 796,
                    "y2": 310,
                    "x3": 796,
                    "y3": 349
                },
                "yolo_standard": {
                    "x_center": 0.929048,
                    "y_center": 0.643704,
                    "w": 0.105992,
                    "h": 0.075075,
                    "rotation": 0.0089
                }
            },
            {
                "id": 4,
                "polygon": {
                    "x0": 669,
                    "y0": 346,
                    "x1": 668,
                    "y1": 305,
                    "x2": 606,
                    "y2": 306,
                    "x3": 607,
                    "y3": 347
                },
                "yolo_standard": {
                    "x_center": 0.702187,
                    "y_center": 0.636432,
                    "w": 0.068304,
                    "h": 0.07928,
                    "rotation": -0.0206
                }
            },
            {
                "id": 5,
                "polygon": {
                    "x0": 630,
                    "y0": 285,
                    "x1": 631,
                    "y1": 240,
                    "x2": 565,
                    "y2": 238,
                    "x3": 564,
                    "y3": 283
                },
                "yolo_standard": {
                    "x_center": 0.657908,
                    "y_center": 0.510161,
                    "w": 0.07229,
                    "h": 0.088219,
                    "rotation": 0.033
                }
            },
            {
                "id": 6,
                "polygon": {
                    "x0": 389,
                    "y0": 148,
                    "x1": 386,
                    "y1": 109,
                    "x2": 291,
                    "y2": 116,
                    "x3": 293,
                    "y3": 155
                },
                "yolo_standard": {
                    "x_center": 0.374444,
                    "y_center": 0.258178,
                    "w": 0.105504,
                    "h": 0.07723,
                    "rotation": -0.0698
                }
            },
            {
                "id": 7,
                "polygon": {
                    "x0": 843,
                    "y0": 284,
                    "x1": 843,
                    "y1": 236,
                    "x2": 731,
                    "y2": 236,
                    "x3": 730,
                    "y3": 283
                },
                "yolo_standard": {
                    "x_center": 0.866084,
                    "y_center": 0.507041,
                    "w": 0.123582,
                    "h": 0.092603,
                    "rotation": 0.0049
                }
            },
            {
                "id": 8,
                "polygon": {
                    "x0": 579,
                    "y0": 344,
                    "x1": 579,
                    "y1": 313,
                    "x2": 533,
                    "y2": 313,
                    "x3": 534,
                    "y3": 344
                },
                "yolo_standard": {
                    "x_center": 0.612273,
                    "y_center": 0.641287,
                    "w": 0.049884,
                    "h": 0.061239,
                    "rotation": -0.0087
                }
            },
            {
                "id": 9,
                "polygon": {
                    "x0": 387,
                    "y0": 353,
                    "x1": 387,
                    "y1": 318,
                    "x2": 340,
                    "y2": 317,
                    "x3": 340,
                    "y3": 353
                },
                "yolo_standard": {
                    "x_center": 0.400325,
                    "y_center": 0.6545,
                    "w": 0.051567,
                    "h": 0.06912,
                    "rotation": 0.0074
                }
            },
            {
                "id": 10,
                "polygon": {
                    "x0": 773,
                    "y0": 199,
                    "x1": 770,
                    "y1": 161,
                    "x2": 624,
                    "y2": 171,
                    "x3": 626,
                    "y3": 209
                },
                "yolo_standard": {
                    "x_center": 0.768687,
                    "y_center": 0.361648,
                    "w": 0.161617,
                    "h": 0.074569,
                    "rotation": -0.0689
                }
            },
            {
                "id": 11,
                "polygon": {
                    "x0": 871,
                    "y0": 186,
                    "x1": 868,
                    "y1": 153,
                    "x2": 792,
                    "y2": 162,
                    "x3": 795,
                    "y3": 194
                },
                "yolo_standard": {
                    "x_center": 0.915301,
                    "y_center": 0.339528,
                    "w": 0.084371,
                    "h": 0.063308,
                    "rotation": -0.1087
                }
            },
            {
                "id": 12,
                "polygon": {
                    "x0": 543,
                    "y0": 278,
                    "x1": 543,
                    "y1": 246,
                    "x2": 506,
                    "y2": 246,
                    "x3": 505,
                    "y3": 278
                },
                "yolo_standard": {
                    "x_center": 0.577315,
                    "y_center": 0.512057,
                    "w": 0.041472,
                    "h": 0.062595,
                    "rotation": 0.0138
                }
            },
            {
                "id": 13,
                "polygon": {
                    "x0": 482,