{
    "task_info": {
        "name": "Task 1: Text Detection (OBB)",
        "total_blocks": 17
    },
    "output": {
        "text_blocks": [
            {
                "id": 0,
                "polygon": {
                    "x0": 3202,
                    "y0": 187,
                    "x1": 3198,
                    "y1": 78,
                    "x2": 2933,
                    "y2": 86,
                    "x3": 2936,
                    "y3": 196
                },
                "yolo_standard": {
                    "x_center": 0.766926,
                    "y_center": 0.045747,
                    "w": 0.066289,
                    "h": 0.036548,
                    "rotation": -0.0328
                }
            },
            {
                "id": 1,
                "polygon": {
                    "x0": 849,
                    "y0": 434,
                    "x1": 849,
                    "y1": 322,
                    "x2": 404,
                    "y2": 322,
                    "x3": 405,
                    "y3": 435
                },
                "yolo_standard": {
                    "x_center": 0.15685,
                    "y_center": 0.126179,
                    "w": 0.111164,
                    "h": 0.037358,
                    "rotation": -0.0019
                }
            },
            {
                "id": 2,
                "polygon": {
                    "x0": 581,
                    "y0": 1770,
                    "x1": 581,
                    "y1": 1652,
                    "x2": 319,
                    "y2": 1652,
                    "x3": 319,
                    "y3": 1770
                },
                "yolo_standard": {
                    "x_center": 0.112638,
                    "y_center": 0.57045,
                    "w": 0.065635,
                    "h": 0.03939,
                    "rotation": 0.0
                }
            },
            {
                "id": 3,
                "polygon": {
                    "x0": 2938,
                    "y0": 442,
                    "x1": 2937,
                    "y1": 313,
                    "x2": 2205,
                    "y2": 322,
                    "x3": 2206,
                    "y3": 450
                },
                "yolo_standard": {
                    "x_center": 0.643035,
                    "y_center": 0.127369,
                    "w": 0.182967,
                    "h": 0.042972,
                    "rotation": -0.0119
                }
            },
            {
                "id": 4,
                "polygon": {
                    "x0": 2017,
                    "y0": 966,
                    "x1": 2012,
                    "y1": 816,
                    "x2": 1499,
                    "y2": 834,
                    "x3": 1504,
                    "y3": 984
                },
                "yolo_standard": {
                    "x_center": 0.439649,
                    "y_center": 0.300064,
                    "w": 0.128452,
                    "h": 0.049977,
                    "rotation": -0.0347
                }
            },
            {
                "id": 5,
                "polygon": {
                    "x0": 2812,
                    "y0": 194,
                    "x1": 2812,
                    "y1": 75,
                    "x2": 1865,
                    "y2": 72,
                    "x3": 1865,
                    "y3": 191
                },
                "yolo_standard": {
                    "x_center": 0.584709,
                    "y_center": 0.044427,
                    "w": 0.23678,
                    "h": 0.039755,
                    "rotation": 0.0032
                }
            },
            {
                "id": 6,
                "polygon": {
                    "x0": 1275,
                    "y0": 1000,
                    "x1": 1276,
                    "y1": 866,
                    "x2": 399,
                    "y2": 862,
                    "x3": 398,
                    "y3": 996
                },
                "yolo_standard": {
                    "x_center": 0.209378,
                    "y_center": 0.310488,
                    "w": 0.219339,
                    "h": 0.044682,
                    "rotation": 0.0048
                }
            },
            {
                "id": 7,
                "polygon": {
                    "x0": 1134,
                    "y0": 201,
                    "x1": 1127,
                    "y1": 52,
                    "x2": 424,
                    "y2": 84,
                    "x3": 431,
                    "y3": 232
                },
                "yolo_standard": {
                    "x_center": 0.194955,
                    "y_center": 0.047543,
                    "w": 0.175943,
                    "h": 0.04963,
                    "rotation": -0.0452
                }
            },
            {
                "id": 8,
                "polygon": {
                    "x0": 1388,
                    "y0": 825,
                    "x1": 1404,
                    "y1": 573,
                    "x2": 407,
                    "y2": 513,
                    "x3": 392,
                    "y3": 764
                },
                "yolo_standard": {
                    "x_center": 0.224593,
                    "y_center": 0.223136,
                    "w": 0.249504,
                    "h": 0.084118,
                    "rotation": 0.0609
                }
            },
            {
                "id": 9,
                "polygon": {
                    "x0": 1702,
                    "y0": 181,
                    "x1": 1704,
                    "y1": 83,
                    "x2": 1324,
                    "y2": 78,
                    "x3": 1323,
                    "y3": 176
                },
                "yolo_standard": {
                    "x_center": 0.378483,
                    "y_center": 0.043323,
                    "w": 0.094786,
                    "h": 0.032673,
                    "rotation": 0.0122
                }
            },
            {
                "id": 10,
                "polygon": {
                    "x0": 1431,
                    "y0": 1755,
                    "x1": 1430,
                    "y1": 1635,
                    "x2": 837,
                    "y2": 1637,
                    "x3": 838,
                    "y3": 1757
                },
                "yolo_standard": {
                    "x_center": 0.28362,
                    "y_center": 0.56544,
                    "w": 0.148263,
                    "h": 0.040173,
                    "rotation": -0.0034
                }
            },
            {
                "id": 11,
                "polygon": {
                    "x0": 1812,
                    "y0": 1754,
                    "x1": 1813,
                    "y1": 1645,
                    "x2": 1579,
                    "y2": 1643,
                    "x3": 1578,
                    "y3": 1752
                },
                "yolo_standard": {
                    "x_center": 0.424011,
                    "y_center": 0.566391,
                    "w": 0.05868,
                    "h": 0.036395,
                    "rotation": 0.0074
                }
            },
            {
                "id": 12,
                "polygon": {
                    "x0": 3163,
                    "y0": 721,
                    "x1": 3161,
                    "y1": 589,
                    "x2": 2338,
                    "y2": 599,
                    "x3": 2340,
                    "y3": 732
                },
                "yolo_standard": {
                    "x_center": 0.687799,
                    "y_center": 0.220189,
                    "w": 0.205762,
                    "h": 0.044093,
                    "rotation": -0.0132
                }
            },
            {
                "id": 13,