{
    "task_info": {
        "name": "Task 1: Text Detection (OBB)",
        "total_blocks": 31
    },
    "output": {
        "text_blocks": [
            {
                "id": 0,
                "polygon": {
                    "x0": 2551,
                    "y0": 1013,
                    "x1": 2550,
                    "y1": 894,
                    "x2": 2298,
                    "y2": 897,
                    "x3": 2300,
                    "y3": 1017
                },
                "yolo_standard": {
                    "x_center": 0.724768,
                    "y_center": 0.746794,
                    "w": 0.075246,
                    "h": 0.093559,
                    "rotation": -0.0146
                }
            },
            {
                "id": 1,
                "polygon": {
                    "x0": 2232,
                    "y0": 715,
                    "x1": 2230,
                    "y1": 572,
                    "x2": 1811,
                    "y2": 576,
                    "x3": 1812,
                    "y3": 718
                },
                "yolo_standard": {
                    "x_center": 0.604288,
                    "y_center": 0.504508,
                    "w": 0.125286,
                    "h": 0.111371,
                    "rotation": -0.0085
                }
            },
            {
                "id": 2,
                "polygon": {
                    "x0": 822,
                    "y0": 1276,
                    "x1": 820,
                    "y1": 1108,
                    "x2": 227,
                    "y2": 1115,
                    "x3": 229,
                    "y3": 1283
                },
                "yolo_standard": {
                    "x_center": 0.156927,
                    "y_center": 0.934663,
                    "w": 0.177004,
                    "h": 0.131235,
                    "rotation": -0.0117
                }
            },
            {
                "id": 3,
                "polygon": {
                    "x0": 1375,
                    "y0": 1064,
                    "x1": 1376,
                    "y1": 917,
                    "x2": 1072,
                    "y2": 915,
                    "x3": 1071,
                    "y3": 1062
                },
                "yolo_standard": {
                    "x_center": 0.365862,
                    "y_center": 0.773444,
                    "w": 0.090912,
                    "h": 0.115149,
                    "rotation": 0.0074
                }
            },
            {
                "id": 4,
                "polygon": {
                    "x0": 2919,
                    "y0": 1164,
                    "x1": 2911,
                    "y1": 1020,
                    "x2": 2487,
                    "y2": 1041,
                    "x3": 2495,
                    "y3": 1185
                },
                "yolo_standard": {
                    "x_center": 0.807974,
                    "y_center": 0.861683,
                    "w": 0.126871,
                    "h": 0.112817,
                    "rotation": -0.0495
                }
            },
            {
                "id": 5,
                "polygon": {
                    "x0": 1554,
                    "y0": 1287,
                    "x1": 1557,
                    "y1": 1093,
                    "x2": 906,
                    "y2": 1083,
                    "x3": 903,
                    "y3": 1278
                },
                "yolo_standard": {
                    "x_center": 0.367785,
                    "y_center": 0.926321,
                    "w": 0.194625,
                    "h": 0.152227,
                    "rotation": 0.0146
                }
            },
            {
                "id": 6,
                "polygon": {
                    "x0": 1198,
                    "y0": 431,
                    "x1": 1194,
                    "y1": 287,
                    "x2": 685,
                    "y2": 299,
                    "x3": 689,
                    "y3": 443
                },
                "yolo_standard": {
                    "x_center": 0.281559,
                    "y_center": 0.285444,
                    "w": 0.152203,
                    "h": 0.112522,
                    "rotation": -0.0239
                }
            },
            {
                "id": 7,
                "polygon": {
                    "x0": 1068,
                    "y0": 223,
                    "x1": 1069,
                    "y1": 126,
                    "x2": 857,
                    "y2": 124,
                    "x3": 856,
                    "y3": 221
                },
                "yolo_standard": {
                    "x_center": 0.287798,
                    "y_center": 0.135899,
                    "w": 0.063296,
                    "h": 0.075827,
                    "rotation": 0.0073
                }
            },
            {
                "id": 8,
                "polygon": {
                    "x0": 617,
                    "y0": 589,
                    "x1": 607,
                    "y1": 452,
                    "x2": 229,
                    "y2": 480,
                    "x3": 239,
                    "y3": 617
                },
                "yolo_standard": {
                    "x_center": 0.126553,
                    "y_center": 0.418052,
                    "w": 0.113138,
                    "h": 0.107355,
                    "rotation": -0.0731
                }
            },
            {
                "id": 9,
                "polygon": {
                    "x0": 1509,
                    "y0": 212,
                    "x1": 1508,
                    "y1": 75,
                    "x2": 1154,
                    "y2": 80,
                    "x3": 1156,
                    "y3": 217
                },
                "yolo_standard": {
                    "x_center": 0.398104,
                    "y_center": 0.114407,
                    "w": 0.105663,
                    "h": 0.107035,
                    "rotation": -0.0118
                }
            },
            {
                "id": 10,
                "polygon": {
                    "x0": 3102,
                    "y0": 967,
                    "x1": 3097,
                    "y1": 852,
                    "x2": 2690,
                    "y2": 869,
                    "x3": 2695,
                    "y3": 985
                },
                "yolo_standard": {
                    "x_center": 0.865669,
                    "y_center": 0.717927,
                    "w": 0.12167,
                    "h": 0.090555,
                    "rotation": -0.044
                }
            },
            {
                "id": 11,
                "polygon": {
                    "x0": 2217,
                    "y0": 1027,
                    "x1": 2211,
                    "y1": 879,
                    "x2": 1471,
                    "y2": 909,
                    "x3": 1477,
                    "y3": 1057
                },
                "yolo_standard": {
                    "x_center": 0.551197,
                    "y_center": 0.756526,
                    "w": 0.221457,
                    "h": 0.115792,
                    "rotation": -0.0412
                }
            },
            {
                "id": 12,
                "polygon": {
                    "x0": 528,
                    "y0": 1117,
                    "x1": 531,
                    "y1": 940,
                    "x2": 156,
                    "y2": 934,
                    "x3": 153,
                    "y3": 1110
                },
                "yolo_standard": {
                    "x_center": 0.102379,
                    "y_center": 0.801406,
                    "w": 0.112141,
                    "h": 0.137813,
                    "rotation": 0.0169
                }
            },
            {
                "id": 13,