{
    "task_info": {
        "name": "Task 2 Final",
        "total_lines": 10
    },
    "input": {
        "text_blocks": [
            {
                "id": 0,
                "polygon": {
                    "x0": 215,
                    "y0": 514,
                    "x1": 217,
                    "y1": 445,
                    "x2": 76,
                    "y2": 440,
                    "x3": 73,
                    "y3": 508
                },
                "yolo_standard": {
                    "x_center": 0.151244,
                    "y_center": 0.37909,
                    "w": 0.147202,
                    "h": 0.054489,
                    "rotation": 0.0388
                }
            },
            {
                "id": 1,
                "polygon": {
                    "x0": 610,
                    "y0": 386,
                    "x1": 609,
                    "y1": 324,
                    "x2": 411,
                    "y2": 328,
                    "x3": 412,
                    "y3": 389
                },
                "yolo_standard": {
                    "x_center": 0.530888,
                    "y_center": 0.283713,
                    "w": 0.205817,
                    "h": 0.04882,
                    "rotation": -0.0161
                }
            },
            {
                "id": 2,
                "polygon": {
                    "x0": 353,
                    "y0": 439,
                    "x1": 371,
                    "y1": 339,
                    "x2": 124,
                    "y2": 296,
                    "x3": 107,
                    "y3": 397
                },
                "yolo_standard": {
                    "x_center": 0.248373,
                    "y_center": 0.292409,
                    "w": 0.260096,
                    "h": 0.08138,
                    "rotation": 0.1713
                }
            },
            {
                "id": 3,
                "polygon": {
                    "x0": 178,
                    "y0": 631,
                    "x1": 175,
                    "y1": 573,
                    "x2": 92,
                    "y2": 577,
                    "x3": 95,
                    "y3": 635
                },
                "yolo_standard": {
                    "x_center": 0.14041,
                    "y_center": 0.480056,
                    "w": 0.086083,
                    "h": 0.046334,
                    "rotation": -0.053
                }
            },
            {
                "id": 4,
                "polygon": {
                    "x0": 561,
                    "y0": 573,
                    "x1": 569,
                    "y1": 467,
                    "x2": 290,
                    "y2": 446,
                    "x3": 282,
                    "y3": 551
                },
                "yolo_standard": {
                    "x_center": 0.442589,
                    "y_center": 0.404801,
                    "w": 0.290022,
                    "h": 0.084177,
                    "rotation": 0.076
                }
            },
            {
                "id": 5,
                "polygon": {
                    "x0": 587,
                    "y0": 695,
                    "x1": 589,
                    "y1": 624,
                    "x2": 321,
                    "y2": 614,
                    "x3": 319,
                    "y3": 684
                },
                "yolo_standard": {
                    "x_center": 0.471978,
                    "y_center": 0.520194,
                    "w": 0.278239,
                    "h": 0.055895,
                    "rotation": 0.0385
                }
            },
            {
                "id": 6,
                "polygon": {
                    "x0": 324,
                    "y0": 267,
                    "x1": 331,
                    "y1": 178,
                    "x2": 120,
                    "y2": 162,
                    "x3": 113,
                    "y3": 250
                },
                "yolo_standard": {
                    "x_center": 0.231038,
                    "y_center": 0.170703,
                    "w": 0.219986,
                    "h": 0.07023,
                    "rotation": 0.076
                }
            },
            {
                "id": 7,
                "polygon": {
                    "x0": 289,
                    "y0": 689,
                    "x1": 305,
                    "y1": 620,
                    "x2": 210,
                    "y2": 598,
                    "x3": 194,
                    "y3": 667
                },
                "yolo_standard": {
                    "x_center": 0.259842,
                    "y_center": 0.511494,
                    "w": 0.101022,
                    "h": 0.05618,
                    "rotation": 0.2273
                }
            },
            {
                "id": 8,
                "polygon": {
                    "x0": 798,
                    "y0": 543,
                    "x1": 779,
                    "y1": 452,
                    "x2": 577,
                    "y2": 494,
                    "x3": 596,
                    "y3": 585
                },
                "yolo_standard": {
                    "x_center": 0.714238,
                    "y_center": 0.412125,
                    "w": 0.214485,
                    "h": 0.073843,
                    "rotation": -0.2041
                }
            },
            {
                "id": 9,
                "polygon": {
                    "x0": 547,
                    "y0": 237,
                    "x1": 547,
                    "y1": 191,
                    "x2": 493,
                    "y2": 191,
                    "x3": 493,
                    "y3": 237
                },
                "yolo_standard": {
                    "x_center": 0.540773,
                    "y_center": 0.170418,
                    "w": 0.056174,
                    "h": 0.036388,
                    "rotation": -0.0016
                }
            },
            {
                "id": 10,
                "polygon": {
                    "x0": 452,
                    "y0": 259,
                    "x1": 446,
                    "y1": 197,
                    "x2": 346,
                    "y2": 207,
                    "x3": 352,
                    "y3": 268
                },
                "yolo_standard": {
                    "x_center": 0.415097,
                    "y_center": 0.185095,
                    "w": 0.104308,
                    "h": 0.049198,
                    "rotation": -0.0959
                }
            },
            {
                "id": 11,
                "polygon": {
                    "x0": 850,
                    "y0": 392,
                    "x1": 851,
                    "y1": 372,
                    "x2": 766,
                    "y2": 369,
                    "x3": 765,
                    "y3": 389
                },
                "yolo_standard": {
                    "x_center": 0.839577,
                    "y_center": 0.302303,
                    "w": 0.088017,
                    "h": 0.01588,
                    "rotation": 0.0351
                }
            },
            {
                "id": 12,
                "polygon": {
                    "x0": 634,
                    "y0": 246,
                    "x1": 634,
                    "y1": 220,
                    "x2": 605,
                    "y2": 219,
                    "x3": 604,
                    "y3": 246
                },
                "yolo_standard": {
                    "x_center": 0.643432,
                    "y_center": 0.185296,
                    "w": 0.030502,
                    "h": 0.021243,
                    "rotation": 0.0089
                }
            }
        ]
    },
    "output_predicted": {
        "text_blocks": [
            {
                "id": 0,