{
    "task_info": {
        "name": "Task 2 Final",
        "total_lines": 11
    },
    "input": {
        "text_blocks": [
            {
                "id": 0,
                "polygon": {
                    "x0": 830,
                    "y0": 1208,
                    "x1": 829,
                    "y1": 1136,
                    "x2": 619,
                    "y2": 1140,
                    "x3": 620,
                    "y3": 1212
                },
                "yolo_standard": {
                    "x_center": 0.330644,
                    "y_center": 0.783011,
                    "w": 0.09572,
                    "h": 0.047938,
                    "rotation": -0.0179
                }
            },
            {
                "id": 1,
                "polygon": {
                    "x0": 1075,
                    "y0": 1233,
                    "x1": 1077,
                    "y1": 1122,
                    "x2": 873,
                    "y2": 1118,
                    "x3": 871,
                    "y3": 1230
                },
                "yolo_standard": {
                    "x_center": 0.444248,
                    "y_center": 0.7842,
                    "w": 0.093074,
                    "h": 0.074501,
                    "rotation": 0.0165
                }
            },
            {
                "id": 2,
                "polygon": {
                    "x0": 2085,
                    "y0": 727,
                    "x1": 2084,
                    "y1": 636,
                    "x2": 1899,
                    "y2": 639,
                    "x3": 1900,
                    "y3": 730
                },
                "yolo_standard": {
                    "x_center": 0.908508,
                    "y_center": 0.455462,
                    "w": 0.084271,
                    "h": 0.060712,
                    "rotation": -0.0155
                }
            },
            {
                "id": 3,
                "polygon": {
                    "x0": 801,
                    "y0": 735,
                    "x1": 797,
                    "y1": 637,
                    "x2": 599,
                    "y2": 645,
                    "x3": 602,
                    "y3": 742
                },
                "yolo_standard": {
                    "x_center": 0.319319,
                    "y_center": 0.460181,
                    "w": 0.090649,
                    "h": 0.065133,
                    "rotation": -0.0389
                }
            },
            {
                "id": 4,
                "polygon": {
                    "x0": 1155,
                    "y0": 206,
                    "x1": 1157,
                    "y1": 104,
                    "x2": 913,
                    "y2": 100,
                    "x3": 911,
                    "y3": 202
                },
                "yolo_standard": {
                    "x_center": 0.471603,
                    "y_center": 0.102342,
                    "w": 0.111199,
                    "h": 0.068261,
                    "rotation": 0.0176
                }
            },
            {
                "id": 5,
                "polygon": {
                    "x0": 560,
                    "y0": 1248,
                    "x1": 562,
                    "y1": 1139,
                    "x2": 171,
                    "y2": 1132,
                    "x3": 169,
                    "y3": 1241
                },
                "yolo_standard": {
                    "x_center": 0.166809,
                    "y_center": 0.793863,
                    "w": 0.178156,
                    "h": 0.072798,
                    "rotation": 0.018
                }
            },
            {
                "id": 6,
                "polygon": {
                    "x0": 1337,
                    "y0": 1235,
                    "x1": 1340,
                    "y1": 1115,
                    "x2": 1111,
                    "y2": 1109,
                    "x3": 1108,
                    "y3": 1229
                },
                "yolo_standard": {
                    "x_center": 0.558206,
                    "y_center": 0.781697,
                    "w": 0.104396,
                    "h": 0.079699,
                    "rotation": 0.0255
                }
            },
            {
                "id": 7,
                "polygon": {
                    "x0": 1487,
                    "y0": 1204,
                    "x1": 1485,
                    "y1": 1149,
                    "x2": 1387,
                    "y2": 1152,
                    "x3": 1388,
                    "y3": 1207
                },
                "yolo_standard": {
                    "x_center": 0.655385,
                    "y_center": 0.78571,
                    "w": 0.044816,
                    "h": 0.037028,
                    "rotation": -0.0279
                }
            },
            {
                "id": 8,
                "polygon": {
                    "x0": 1798,
                    "y0": 1245,
                    "x1": 1800,
                    "y1": 1119,
                    "x2": 1539,
                    "y2": 1115,
                    "x3": 1537,
                    "y3": 1242
                },
                "yolo_standard": {
                    "x_center": 0.761039,
                    "y_center": 0.787141,
                    "w": 0.118839,
                    "h": 0.084092,
                    "rotation": 0.0133
                }
            },
            {
                "id": 9,
                "polygon": {
                    "x0": 1161,
                    "y0": 467,
                    "x1": 1158,
                    "y1": 374,
                    "x2": 965,
                    "y2": 380,
                    "x3": 968,
                    "y3": 473
                },
                "yolo_standard": {
                    "x_center": 0.484923,
                    "y_center": 0.282534,
                    "w": 0.088092,
                    "h": 0.062258,
                    "rotation": -0.0309
                }
            },
            {
                "id": 10,
                "polygon": {
                    "x0": 1692,
                    "y0": 1000,
                    "x1": 1688,
                    "y1": 900,
                    "x2": 1490,
                    "y2": 909,
                    "x3": 1494,
                    "y3": 1008
                },
                "yolo_standard": {
                    "x_center": 0.725711,
                    "y_center": 0.636439,
                    "w": 0.090506,
                    "h": 0.066312,
                    "rotation": -0.0416
                }
            },
            {
                "id": 11,
                "polygon": {
                    "x0": 1187,
                    "y0": 1015,
                    "x1": 1185,
                    "y1": 924,
                    "x2": 982,
                    "y2": 929,
                    "x3": 984,
                    "y3": 1020
                },
                "yolo_standard": {
                    "x_center": 0.49474,
                    "y_center": 0.648304,
                    "w": 0.092604,
                    "h": 0.060629,
                    "rotation": -0.0264
                }
            },
            {
                "id": 12,
                "polygon": {
                    "x0": 283,
                    "y0": 964,
                    "x1": 278,
                    "y1": 862,
                    "x2": 29,
                    "y2": 874,
                    "x3": 33,
                    "y3": 976
                },
                "yolo_standard": {
                    "x_center": 0.071222,
                    "y_center": 0.612885,
                    "w": 0.113871,
                    "h": 0.068074,
                    "rotation": -0.0474
                }
            },
            {
                "id": 13,