{
    "task_info": {
        "name": "Task 2 Final",
        "total_lines": 15
    },
    "input": {
        "text_blocks": [
            {
                "id": 0,
                "polygon": {
                    "x0": 2277,
                    "y0": 679,
                    "x1": 2273,
                    "y1": 472,
                    "x2": 1647,
                    "y2": 485,
                    "x3": 1651,
                    "y3": 692
                },
                "yolo_standard": {
                    "x_center": 0.49063,
                    "y_center": 0.194183,
                    "w": 0.156427,
                    "h": 0.069076,
                    "rotation": -0.0199
                }
            },
            {
                "id": 1,
                "polygon": {
                    "x0": 2834,
                    "y0": 2275,
                    "x1": 2832,
                    "y1": 2045,
                    "x2": 2289,
                    "y2": 2050,
                    "x3": 2292,
                    "y3": 2280
                },
                "yolo_standard": {
                    "x_center": 0.640594,
                    "y_center": 0.721076,
                    "w": 0.135711,
                    "h": 0.076754,
                    "rotation": -0.0095
                }
            },
            {
                "id": 2,
                "polygon": {
                    "x0": 335,
                    "y0": 2306,
                    "x1": 333,
                    "y1": 2176,
                    "x2": 144,
                    "y2": 2179,
                    "x3": 145,
                    "y3": 2309
                },
                "yolo_standard": {
                    "x_center": 0.059901,
                    "y_center": 0.747543,
                    "w": 0.0473,
                    "h": 0.043358,
                    "rotation": -0.0148
                }
            },
            {
                "id": 3,
                "polygon": {
                    "x0": 1085,
                    "y0": 2320,
                    "x1": 1085,
                    "y1": 2213,
                    "x2": 536,
                    "y2": 2213,
                    "x3": 536,
                    "y3": 2320
                },
                "yolo_standard": {
                    "x_center": 0.202736,
                    "y_center": 0.755751,
                    "w": 0.137082,
                    "h": 0.035665,
                    "rotation": -0.0005
                }
            },
            {
                "id": 4,
                "polygon": {
                    "x0": 3471,
                    "y0": 720,
                    "x1": 3473,
                    "y1": 543,
                    "x2": 2593,
                    "y2": 533,
                    "x3": 2591,
                    "y3": 710
                },
                "yolo_standard": {
                    "x_center": 0.758144,
                    "y_center": 0.208909,
                    "w": 0.219855,
                    "h": 0.05892,
                    "rotation": 0.0115
                }
            },
            {
                "id": 5,
                "polygon": {
                    "x0": 3115,
                    "y0": 557,
                    "x1": 3138,
                    "y1": 299,
                    "x2": 2253,
                    "y2": 219,
                    "x3": 2230,
                    "y3": 477
                },
                "yolo_standard": {
                    "x_center": 0.671134,
                    "y_center": 0.129521,
                    "w": 0.22207,
                    "h": 0.086261,
                    "rotation": 0.0908
                }
            },
            {
                "id": 6,
                "polygon": {
                    "x0": 1053,
                    "y0": 1001,
                    "x1": 1053,
                    "y1": 887,
                    "x2": 499,
                    "y2": 889,
                    "x3": 499,
                    "y3": 1002
                },
                "yolo_standard": {
                    "x_center": 0.194148,
                    "y_center": 0.315151,
                    "w": 0.138514,
                    "h": 0.037838,
                    "rotation": -0.0026
                }
            },
            {
                "id": 7,
                "polygon": {
                    "x0": 1313,
                    "y0": 385,
                    "x1": 1312,
                    "y1": 236,
                    "x2": 525,
                    "y2": 242,
                    "x3": 526,
                    "y3": 390
                },
                "yolo_standard": {
                    "x_center": 0.229865,
                    "y_center": 0.104613,
                    "w": 0.196575,
                    "h": 0.049462,
                    "rotation": -0.0069
                }
            },
            {
                "id": 8,
                "polygon": {
                    "x0": 1890,
                    "y0": 363,
                    "x1": 1893,
                    "y1": 200,
                    "x2": 1686,
                    "y2": 197,
                    "x3": 1683,
                    "y3": 360
                },
                "yolo_standard": {
                    "x_center": 0.447115,
                    "y_center": 0.093484,
                    "w": 0.051698,
                    "h": 0.054391,
                    "rotation": 0.0163
                }
            },
            {
                "id": 9,
                "polygon": {
                    "x0": 3562,
                    "y0": 997,
                    "x1": 3564,
                    "y1": 836,
                    "x2": 2499,
                    "y2": 825,
                    "x3": 2497,
                    "y3": 987
                },
                "yolo_standard": {
                    "x_center": 0.757774,
                    "y_center": 0.303921,
                    "w": 0.266214,
                    "h": 0.053789,
                    "rotation": 0.0096
                }
            },
            {
                "id": 10,
                "polygon": {
                    "x0": 1323,
                    "y0": 1731,
                    "x1": 1327,
                    "y1": 1579,
                    "x2": 449,
                    "y2": 1553,
                    "x3": 445,
                    "y3": 1704
                },
                "yolo_standard": {
                    "x_center": 0.221628,
                    "y_center": 0.54743,
                    "w": 0.219533,
                    "h": 0.050466,
                    "rotation": 0.0302
                }
            },
            {
                "id": 11,
                "polygon": {
                    "x0": 1298,
                    "y0": 699,
                    "x1": 1298,
                    "y1": 505,
                    "x2": 521,
                    "y2": 508,
                    "x3": 522,
                    "y3": 702
                },
                "yolo_standard": {
                    "x_center": 0.22761,
                    "y_center": 0.201271,
                    "w": 0.194068,
                    "h": 0.064623,
                    "rotation": -0.0034
                }
            },
            {
                "id": 12,
                "polygon": {
                    "x0": 1403,
                    "y0": 2332,
                    "x1": 1402,
                    "y1": 2205,
                    "x2": 1222,
                    "y2": 2206,
                    "x3": 1222,
                    "y3": 2333
                },
                "yolo_standard": {
                    "x_center": 0.32819,
                    "y_center": 0.756537,
                    "w": 0.045073,
                    "h": 0.04217,
                    "rotation": -0.006
                }
            },
            {
                "id": 13,