{
    "task_info": {
        "name": "Task 2 Final",
        "total_lines": 15
    },
    "input": {
        "text_blocks": [
            {
                "id": 0,
                "polygon": {
                    "x0": 1290,
                    "y0": 165,
                    "x1": 1293,
                    "y1": 34,
                    "x2": 851,
                    "y2": 24,
                    "x3": 848,
                    "y3": 156
                },
                "yolo_standard": {
                    "x_center": 0.333036,
                    "y_center": 0.05684,
                    "w": 0.137486,
                    "h": 0.078407,
                    "rotation": 0.0222
                }
            },
            {
                "id": 1,
                "polygon": {
                    "x0": 824,
                    "y0": 579,
                    "x1": 807,
                    "y1": 419,
                    "x2": 323,
                    "y2": 469,
                    "x3": 340,
                    "y3": 630
                },
                "yolo_standard": {
                    "x_center": 0.178543,
                    "y_center": 0.31303,
                    "w": 0.151192,
                    "h": 0.096081,
                    "rotation": -0.1044
                }
            },
            {
                "id": 2,
                "polygon": {
                    "x0": 1371,
                    "y0": 629,
                    "x1": 1376,
                    "y1": 476,
                    "x2": 929,
                    "y2": 461,
                    "x3": 924,
                    "y3": 614
                },
                "yolo_standard": {
                    "x_center": 0.357872,
                    "y_center": 0.325369,
                    "w": 0.139196,
                    "h": 0.09138,
                    "rotation": 0.0325
                }
            },
            {
                "id": 3,
                "polygon": {
                    "x0": 2293,
                    "y0": 1075,
                    "x1": 2290,
                    "y1": 900,
                    "x2": 1878,
                    "y2": 906,
                    "x3": 1881,
                    "y3": 1081
                },
                "yolo_standard": {
                    "x_center": 0.648845,
                    "y_center": 0.591199,
                    "w": 0.128252,
                    "h": 0.104134,
                    "rotation": -0.0147
                }
            },
            {
                "id": 4,
                "polygon": {
                    "x0": 2605,
                    "y0": 371,
                    "x1": 2604,
                    "y1": 244,
                    "x2": 2278,
                    "y2": 246,
                    "x3": 2279,
                    "y3": 372
                },
                "yolo_standard": {
                    "x_center": 0.759589,
                    "y_center": 0.18431,
                    "w": 0.101279,
                    "h": 0.075358,
                    "rotation": -0.0047
                }
            },
            {
                "id": 5,
                "polygon": {
                    "x0": 1569,
                    "y0": 638,
                    "x1": 1570,
                    "y1": 460,
                    "x2": 1440,
                    "y2": 459,
                    "x3": 1438,
                    "y3": 637
                },
                "yolo_standard": {
                    "x_center": 0.46799,
                    "y_center": 0.327454,
                    "w": 0.040493,
                    "h": 0.106475,
                    "rotation": 0.0074
                }
            },
            {
                "id": 6,
                "polygon": {
                    "x0": 1199,
                    "y0": 1170,
                    "x1": 1198,
                    "y1": 973,
                    "x2": 715,
                    "y2": 975,
                    "x3": 716,
                    "y3": 1172
                },
                "yolo_standard": {
                    "x_center": 0.297812,
                    "y_center": 0.640156,
                    "w": 0.150167,
                    "h": 0.117583,
                    "rotation": -0.0055
                }
            },
            {
                "id": 7,
                "polygon": {
                    "x0": 866,
                    "y0": 438,
                    "x1": 886,
                    "y1": 254,
                    "x2": 554,
                    "y2": 217,
                    "x3": 533,
                    "y3": 401
                },
                "yolo_standard": {
                    "x_center": 0.220872,
                    "y_center": 0.195725,
                    "w": 0.104074,
                    "h": 0.11082,
                    "rotation": 0.1102
                }
            },
            {
                "id": 8,
                "polygon": {
                    "x0": 736,
                    "y0": 195,
                    "x1": 729,
                    "y1": 24,
                    "x2": 237,
                    "y2": 45,
                    "x3": 244,
                    "y3": 216
                },
                "yolo_standard": {
                    "x_center": 0.151481,
                    "y_center": 0.07175,
                    "w": 0.153284,
                    "h": 0.102046,
                    "rotation": -0.0429
                }
            },
            {
                "id": 9,
                "polygon": {
                    "x0": 592,
                    "y0": 1171,
                    "x1": 586,
                    "y1": 1042,
                    "x2": 453,
                    "y2": 1048,
                    "x3": 459,
                    "y3": 1177
                },
                "yolo_standard": {
                    "x_center": 0.16271,
                    "y_center": 0.662178,
                    "w": 0.041575,
                    "h": 0.076991,
                    "rotation": -0.048
                }
            },
            {
                "id": 10,
                "polygon": {
                    "x0": 1879,
                    "y0": 592,
                    "x1": 1858,
                    "y1": 435,
                    "x2": 1608,
                    "y2": 467,
                    "x3": 1628,
                    "y3": 625
                },
                "yolo_standard": {
                    "x_center": 0.542366,
                    "y_center": 0.316328,
                    "w": 0.078694,
                    "h": 0.094681,
                    "rotation": -0.1295
                }
            },
            {
                "id": 11,
                "polygon": {
                    "x0": 2084,
                    "y0": 606,
                    "x1": 2085,
                    "y1": 430,
                    "x2": 1618,
                    "y2": 429,
                    "x3": 1618,
                    "y3": 605
                },
                "yolo_standard": {
                    "x_center": 0.575968,
                    "y_center": 0.30917,
                    "w": 0.145239,
                    "h": 0.10493,
                    "rotation": 0.0028
                }
            },
            {
                "id": 12,
                "polygon": {
                    "x0": 3041,
                    "y0": 1003,
                    "x1": 3015,
                    "y1": 801,
                    "x2": 2410,
                    "y2": 879,
                    "x3": 2436,
                    "y3": 1080
                },
                "yolo_standard": {
                    "x_center": 0.84792,
                    "y_center": 0.561583,
                    "w": 0.189719,
                    "h": 0.121132,
                    "rotation": -0.1271
                }
            },
            {
                "id": 13,
                "polygon": {
                    "x0": 1532,