{
    "task_info": {
        "name": "Task 2 Final",
        "total_lines": 9
    },
    "input": {
        "text_blocks": [
            {
                "id": 0,
                "polygon": {
                    "x0": 1478,
                    "y0": 681,
                    "x1": 1476,
                    "y1": 621,
                    "x2": 1308,
                    "y2": 626,
                    "x3": 1310,
                    "y3": 686
                },
                "yolo_standard": {
                    "x_center": 0.819538,
                    "y_center": 0.279662,
                    "w": 0.098989,
                    "h": 0.025711,
                    "rotation": -0.033
                }
            },
            {
                "id": 1,
                "polygon": {
                    "x0": 530,
                    "y0": 904,
                    "x1": 534,
                    "y1": 854,
                    "x2": 368,
                    "y2": 843,
                    "x3": 365,
                    "y3": 894
                },
                "yolo_standard": {
                    "x_center": 0.264527,
                    "y_center": 0.373929,
                    "w": 0.097794,
                    "h": 0.021654,
                    "rotation": 0.0658
                }
            },
            {
                "id": 2,
                "polygon": {
                    "x0": 767,
                    "y0": 567,
                    "x1": 769,
                    "y1": 488,
                    "x2": 546,
                    "y2": 483,
                    "x3": 544,
                    "y3": 561
                },
                "yolo_standard": {
                    "x_center": 0.386303,
                    "y_center": 0.22465,
                    "w": 0.131126,
                    "h": 0.033564,
                    "rotation": 0.0237
                }
            },
            {
                "id": 3,
                "polygon": {
                    "x0": 870,
                    "y0": 906,
                    "x1": 870,
                    "y1": 853,
                    "x2": 789,
                    "y2": 853,
                    "x3": 788,
                    "y3": 906
                },
                "yolo_standard": {
                    "x_center": 0.488108,
                    "y_center": 0.376389,
                    "w": 0.047876,
                    "h": 0.022953,
                    "rotation": 0.0034
                }
            },
            {
                "id": 4,
                "polygon": {
                    "x0": 1103,
                    "y0": 574,
                    "x1": 1107,
                    "y1": 504,
                    "x2": 839,
                    "y2": 490,
                    "x3": 835,
                    "y3": 559
                },
                "yolo_standard": {
                    "x_center": 0.571473,
                    "y_center": 0.227668,
                    "w": 0.15795,
                    "h": 0.029584,
                    "rotation": 0.0537
                }
            },
            {
                "id": 5,
                "polygon": {
                    "x0": 1411,
                    "y0": 402,
                    "x1": 1410,
                    "y1": 355,
                    "x2": 1225,
                    "y2": 357,
                    "x3": 1225,
                    "y3": 404
                },
                "yolo_standard": {
                    "x_center": 0.775473,
                    "y_center": 0.162597,
                    "w": 0.109256,
                    "h": 0.020205,
                    "rotation": -0.0122
                }
            },
            {
                "id": 6,
                "polygon": {
                    "x0": 347,
                    "y0": 422,
                    "x1": 352,
                    "y1": 365,
                    "x2": 148,
                    "y2": 347,
                    "x3": 143,
                    "y3": 404
                },
                "yolo_standard": {
                    "x_center": 0.145662,
                    "y_center": 0.164664,
                    "w": 0.120542,
                    "h": 0.024562,
                    "rotation": 0.0871
                }
            },
            {
                "id": 7,
                "polygon": {
                    "x0": 1146,
                    "y0": 405,
                    "x1": 1146,
                    "y1": 361,
                    "x2": 880,
                    "y2": 361,
                    "x3": 880,
                    "y3": 405
                },
                "yolo_standard": {
                    "x_center": 0.596097,
                    "y_center": 0.164078,
                    "w": 0.156498,
                    "h": 0.019022,
                    "rotation": 0.0001
                }
            },
            {
                "id": 8,
                "polygon": {
                    "x0": 840,
                    "y0": 411,
                    "x1": 842,
                    "y1": 349,
                    "x2": 612,
                    "y2": 339,
                    "x3": 609,
                    "y3": 401
                },
                "yolo_standard": {
                    "x_center": 0.427283,
                    "y_center": 0.160483,
                    "w": 0.135599,
                    "h": 0.026535,
                    "rotation": 0.0451
                }
            },
            {
                "id": 9,
                "polygon": {
                    "x0": 329,
                    "y0": 730,
                    "x1": 330,
                    "y1": 684,
                    "x2": 136,
                    "y2": 680,
                    "x3": 135,
                    "y3": 725
                },
                "yolo_standard": {
                    "x_center": 0.137036,
                    "y_center": 0.301729,
                    "w": 0.113694,
                    "h": 0.019267,
                    "rotation": 0.0214
                }
            },
            {
                "id": 10,
                "polygon": {
                    "x0": 315,
                    "y0": 555,
                    "x1": 316,
                    "y1": 516,
                    "x2": 159,
                    "y2": 511,
                    "x3": 158,
                    "y3": 551
                },
                "yolo_standard": {
                    "x_center": 0.1397,
                    "y_center": 0.228265,
                    "w": 0.091916,
                    "h": 0.01687,
                    "rotation": 0.0273
                }
            },
            {
                "id": 11,
                "polygon": {
                    "x0": 556,
                    "y0": 422,
                    "x1": 559,
                    "y1": 357,
                    "x2": 394,
                    "y2": 348,
                    "x3": 391,
                    "y3": 413
                },
                "yolo_standard": {
                    "x_center": 0.279755,
                    "y_center": 0.164922,
                    "w": 0.09708,
                    "h": 0.02779,
                    "rotation": 0.0513
                }
            },
            {
                "id": 12,
                "polygon": {
                    "x0": 1273,
                    "y0": 892,
                    "x1": 1272,
                    "y1": 855,
                    "x2": 1111,
                    "y2": 857,
                    "x3": 1111,
                    "y3": 895
                },
                "yolo_standard": {
                    "x_center": 0.701273,
                    "y_center": 0.374422,
                    "w": 0.094821,
                    "h": 0.016097,
                    "rotation": -0.0161
                }
            },
            {
                "id": 13,
                "polygon": {
                    "x0": 551,