{
    "task_info": {
        "name": "Task 2 Final",
        "total_lines": 15
    },
    "input": {
        "text_blocks": [
            {
                "id": 0,
                "polygon": {
                    "x0": 1166,
                    "y0": 3070,
                    "x1": 1202,
                    "y1": 2747,
                    "x2": 698,
                    "y2": 2691,
                    "x3": 662,
                    "y3": 3014
                },
                "yolo_standard": {
                    "x_center": 0.310867,
                    "y_center": 0.720277,
                    "w": 0.169178,
                    "h": 0.081407,
                    "rotation": 0.1106
                }
            },
            {
                "id": 1,
                "polygon": {
                    "x0": 1304,
                    "y0": 3283,
                    "x1": 1306,
                    "y1": 3053,
                    "x2": 685,
                    "y2": 3047,
                    "x3": 683,
                    "y3": 3277
                },
                "yolo_standard": {
                    "x_center": 0.33166,
                    "y_center": 0.79138,
                    "w": 0.207038,
                    "h": 0.057366,
                    "rotation": 0.0099
                }
            },
            {
                "id": 2,
                "polygon": {
                    "x0": 1522,
                    "y0": 2379,
                    "x1": 1527,
                    "y1": 2199,
                    "x2": 642,
                    "y2": 2173,
                    "x3": 636,
                    "y3": 2354
                },
                "yolo_standard": {
                    "x_center": 0.360736,
                    "y_center": 0.569161,
                    "w": 0.295308,
                    "h": 0.04517,
                    "rotation": 0.0291
                }
            },
            {
                "id": 3,
                "polygon": {
                    "x0": 1613,
                    "y0": 3999,
                    "x1": 1613,
                    "y1": 3864,
                    "x2": 873,
                    "y2": 3865,
                    "x3": 873,
                    "y3": 3999
                },
                "yolo_standard": {
                    "x_center": 0.414567,
                    "y_center": 0.983059,
                    "w": 0.246605,
                    "h": 0.033668,
                    "rotation": -0.001
                }
            },
            {
                "id": 4,
                "polygon": {
                    "x0": 1264,
                    "y0": 1219,
                    "x1": 1266,
                    "y1": 947,
                    "x2": 651,
                    "y2": 940,
                    "x3": 648,
                    "y3": 1213
                },
                "yolo_standard": {
                    "x_center": 0.319277,
                    "y_center": 0.270051,
                    "w": 0.205114,
                    "h": 0.068058,
                    "rotation": 0.0107
                }
            },
            {
                "id": 5,
                "polygon": {
                    "x0": 1846,
                    "y0": 1219,
                    "x1": 1846,
                    "y1": 980,
                    "x2": 1341,
                    "y2": 980,
                    "x3": 1341,
                    "y3": 1219
                },
                "yolo_standard": {
                    "x_center": 0.531278,
                    "y_center": 0.274997,
                    "w": 0.168201,
                    "h": 0.059779,
                    "rotation": 0.0009
                }
            },
            {
                "id": 6,
                "polygon": {
                    "x0": 2566,
                    "y0": 533,
                    "x1": 2579,
                    "y1": 278,
                    "x2": 2183,
                    "y2": 258,
                    "x3": 2170,
                    "y3": 513
                },
                "yolo_standard": {
                    "x_center": 0.791588,
                    "y_center": 0.098997,
                    "w": 0.132187,
                    "h": 0.063832,
                    "rotation": 0.0495
                }
            },
            {
                "id": 7,
                "polygon": {
                    "x0": 1705,
                    "y0": 1553,
                    "x1": 1691,
                    "y1": 1264,
                    "x2": 783,
                    "y2": 1309,
                    "x3": 798,
                    "y3": 1598
                },
                "yolo_standard": {
                    "x_center": 0.414947,
                    "y_center": 0.357876,
                    "w": 0.302907,
                    "h": 0.072329,
                    "rotation": -0.0496
                }
            },
            {
                "id": 8,
                "polygon": {
                    "x0": 2071,
                    "y0": 579,
                    "x1": 2059,
                    "y1": 171,
                    "x2": 652,
                    "y2": 212,
                    "x3": 664,
                    "y3": 620
                },
                "yolo_standard": {
                    "x_center": 0.454062,
                    "y_center": 0.098984,
                    "w": 0.469235,
                    "h": 0.101995,
                    "rotation": -0.0292
                }
            },
            {
                "id": 9,
                "polygon": {
                    "x0": 289,
                    "y0": 2372,
                    "x1": 285,
                    "y1": 2220,
                    "x2": -2,
                    "y2": 2227,
                    "x3": 1,
                    "y3": 2379
                },
                "yolo_standard": {
                    "x_center": 0.047838,
                    "y_center": 0.575031,
                    "w": 0.096032,
                    "h": 0.038017,
                    "rotation": -0.0252
                }
            },
            {
                "id": 10,
                "polygon": {
                    "x0": 370,
                    "y0": 736,
                    "x1": 356,
                    "y1": 455,
                    "x2": -17,
                    "y2": 474,
                    "x3": -3,
                    "y3": 755
                },
                "yolo_standard": {
                    "x_center": 0.058715,
                    "y_center": 0.151278,
                    "w": 0.124846,
                    "h": 0.070311,
                    "rotation": -0.0505
                }
            },
            {
                "id": 11,
                "polygon": {
                    "x0": 1883,
                    "y0": 3852,
                    "x1": 1885,
                    "y1": 3606,
                    "x2": 915,
                    "y2": 3598,
                    "x3": 913,
                    "y3": 3845
                },
                "yolo_standard": {
                    "x_center": 0.466548,
                    "y_center": 0.931434,
                    "w": 0.323337,
                    "h": 0.061555,
                    "rotation": 0.0076
                }
            },
            {
                "id": 12,
                "polygon": {
                    "x0": 1920,
                    "y0": 970,
                    "x1": 1902,
                    "y1": 568,
                    "x2": 1120,
                    "y2": 602,
                    "x3": 1138,
                    "y3": 1005
                },
                "yolo_standard": {
                    "x_center": 0.506774,
                    "y_center": 0.196635,
                    "w": 0.261071,
                    "h": 0.100641,
                    "rotation": -0.0444
                }
            },
            {
                "id": 13,