{
    "task_info": {
        "name": "Task 2 Final",
        "total_lines": 4
    },
    "input": {
        "text_blocks": [
            {
                "id": 0,
                "polygon": {
                    "x0": 1380,
                    "y0": 1180,
                    "x1": 1387,
                    "y1": 932,
                    "x2": 240,
                    "y2": 896,
                    "x3": 232,
                    "y3": 1144
                },
                "yolo_standard": {
                    "x_center": 0.331016,
                    "y_center": 0.318152,
                    "w": 0.468938,
                    "h": 0.075847,
                    "rotation": 0.0312
                }
            },
            {
                "id": 1,
                "polygon": {
                    "x0": 1677,
                    "y0": 1412,
                    "x1": 1677,
                    "y1": 1255,
                    "x2": 1014,
                    "y2": 1254,
                    "x3": 1014,
                    "y3": 1412
                },
                "yolo_standard": {
                    "x_center": 0.549878,
                    "y_center": 0.408577,
                    "w": 0.270771,
                    "h": 0.048187,
                    "rotation": 0.0003
                }
            },
            {
                "id": 2,
                "polygon": {
                    "x0": 883,
                    "y0": 806,
                    "x1": 887,
                    "y1": 684,
                    "x2": 713,
                    "y2": 678,
                    "x3": 709,
                    "y3": 800
                },
                "yolo_standard": {
                    "x_center": 0.326196,
                    "y_center": 0.227471,
                    "w": 0.071418,
                    "h": 0.037287,
                    "rotation": 0.0344
                }
            },
            {
                "id": 3,
                "polygon": {
                    "x0": 1202,
                    "y0": 1685,
                    "x1": 1199,
                    "y1": 1527,
                    "x2": 627,
                    "y2": 1538,
                    "x3": 630,
                    "y3": 1696
                },
                "yolo_standard": {
                    "x_center": 0.373834,
                    "y_center": 0.493893,
                    "w": 0.233794,
                    "h": 0.048386,
                    "rotation": -0.0199
                }
            }
        ]
    },
    "output_predicted": {
        "text_blocks": [
            {
                "id": 0,
                "polygon": {
                    "x0": 709,
                    "y0": 678,
                    "x1": 887,
                    "y1": 678,
                    "x2": 887,
                    "y2": 806,
                    "x3": 709,
                    "y3": 806
                },
                "word_ids": [
                    2
                ]
            },
            {
                "id": 1,
                "polygon": {
                    "x0": 232,
                    "y0": 896,
                    "x1": 1387,
                    "y1": 896,
                    "x2": 1387,
                    "y2": 1180,
                    "x3": 232,
                    "y3": 1180
                },
                "word_ids": [
                    0
                ]
            },
            {
                "id": 2,
                "polygon": {
                    "x0": 1014,
                    "y0": 1254,
                    "x1": 1677,
                    "y1": 1254,
                    "x2": 1677,
                    "y2": 1412,
                    "x3": 1014,
                    "y3": 1412
                },
                "word_ids": [
                    1
                ]
            },
            {
                "id": 3,
                "polygon": {
                    "x0": 627,
                    "y0": 1527,
                    "x1": 1202,
                    "y1": 1527,
                    "x2": 1202,
                    "y2": 1696,
                    "x3": 627,
                    "y3": 1696
                },
                "word_ids": [
                    3
                ]
            }
        ]
    }
}