{
    "task_info": {
        "name": "Task 2 Final",
        "total_lines": 6
    },
    "input": {
        "text_blocks": [
            {
                "id": 0,
                "polygon": {
                    "x0": 1562,
                    "y0": 571,
                    "x1": 1564,
                    "y1": 510,
                    "x2": 1331,
                    "y2": 503,
                    "x3": 1330,
                    "y3": 565
                },
                "yolo_standard": {
                    "x_center": 0.851301,
                    "y_center": 0.230003,
                    "w": 0.136725,
                    "h": 0.02618,
                    "rotation": 0.028
                }
            },
            {
                "id": 1,
                "polygon": {
                    "x0": 1232,
                    "y0": 547,
                    "x1": 1235,
                    "y1": 501,
                    "x2": 1156,
                    "y2": 496,
                    "x3": 1153,
                    "y3": 543
                },
                "yolo_standard": {
                    "x_center": 0.702627,
                    "y_center": 0.223317,
                    "w": 0.046475,
                    "h": 0.020057,
                    "rotation": 0.0607
                }
            },
            {
                "id": 2,
                "polygon": {
                    "x0": 503,
                    "y0": 728,
                    "x1": 505,
                    "y1": 683,
                    "x2": 248,
                    "y2": 672,
                    "x3": 246,
                    "y3": 717
                },
                "yolo_standard": {
                    "x_center": 0.221195,
                    "y_center": 0.29965,
                    "w": 0.151539,
                    "h": 0.019239,
                    "rotation": 0.0423
                }
            },
            {
                "id": 3,
                "polygon": {
                    "x0": 163,
                    "y0": 710,
                    "x1": 163,
                    "y1": 672,
                    "x2": 70,
                    "y2": 672,
                    "x3": 70,
                    "y3": 709
                },
                "yolo_standard": {
                    "x_center": 0.068815,
                    "y_center": 0.295613,
                    "w": 0.054552,
                    "h": 0.01593,
                    "rotation": 0.0084
                }
            },
            {
                "id": 4,
                "polygon": {
                    "x0": 378,
                    "y0": 550,
                    "x1": 378,
                    "y1": 507,
                    "x2": 89,
                    "y2": 504,
                    "x3": 88,
                    "y3": 548
                },
                "yolo_standard": {
                    "x_center": 0.137409,
                    "y_center": 0.225664,
                    "w": 0.170279,
                    "h": 0.018773,
                    "rotation": 0.01
                }
            },
            {
                "id": 5,
                "polygon": {
                    "x0": 200,
                    "y0": 393,
                    "x1": 201,
                    "y1": 335,
                    "x2": 70,
                    "y2": 331,
                    "x3": 68,
                    "y3": 390
                },
                "yolo_standard": {
                    "x_center": 0.079688,
                    "y_center": 0.15514,
                    "w": 0.077439,
                    "h": 0.024952,
                    "rotation": 0.0242
                }
            },
            {
                "id": 6,
                "polygon": {
                    "x0": 1631,
                    "y0": 408,
                    "x1": 1635,
                    "y1": 337,
                    "x2": 1316,
                    "y2": 318,
                    "x3": 1311,
                    "y3": 389
                },
                "yolo_standard": {
                    "x_center": 0.866941,
                    "y_center": 0.155479,
                    "w": 0.188282,
                    "h": 0.030597,
                    "rotation": 0.058
                }
            },
            {
                "id": 7,
                "polygon": {
                    "x0": 622,
                    "y0": 404,
                    "x1": 624,
                    "y1": 357,
                    "x2": 329,
                    "y2": 345,
                    "x3": 327,
                    "y3": 391
                },
                "yolo_standard": {
                    "x_center": 0.280015,
                    "y_center": 0.160347,
                    "w": 0.174178,
                    "h": 0.01999,
                    "rotation": 0.0427
                }
            },
            {
                "id": 8,
                "polygon": {
                    "x0": 838,
                    "y0": 570,
                    "x1": 842,
                    "y1": 527,
                    "x2": 696,
                    "y2": 514,
                    "x3": 692,
                    "y3": 557
                },
                "yolo_standard": {
                    "x_center": 0.451417,
                    "y_center": 0.231986,
                    "w": 0.086112,
                    "h": 0.018621,
                    "rotation": 0.0893
                }
            },
            {
                "id": 9,
                "polygon": {
                    "x0": 623,
                    "y0": 561,
                    "x1": 626,
                    "y1": 518,
                    "x2": 441,
                    "y2": 508,
                    "x3": 438,
                    "y3": 551
                },
                "yolo_standard": {
                    "x_center": 0.313228,
                    "y_center": 0.228793,
                    "w": 0.109063,
                    "h": 0.018552,
                    "rotation": 0.0534
                }
            },
            {
                "id": 10,
                "polygon": {
                    "x0": 1111,
                    "y0": 552,
                    "x1": 1110,
                    "y1": 497,
                    "x2": 892,
                    "y2": 499,
                    "x3": 893,
                    "y3": 554
                },
                "yolo_standard": {
                    "x_center": 0.589393,
                    "y_center": 0.2251,
                    "w": 0.128085,
                    "h": 0.023536,
                    "rotation": -0.0095
                }
            },
            {
                "id": 11,
                "polygon": {
                    "x0": 995,
                    "y0": 398,
                    "x1": 996,
                    "y1": 341,
                    "x2": 699,
                    "y2": 337,
                    "x3": 699,
                    "y3": 394
                },
                "yolo_standard": {
                    "x_center": 0.498726,
                    "y_center": 0.157433,
                    "w": 0.174613,
                    "h": 0.024607,
                    "rotation": 0.0136
                }
            },
            {
                "id": 12,
                "polygon": {
                    "x0": 1225,
                    "y0": 383,
                    "x1": 1226,
                    "y1": 351,
                    "x2": 1188,
                    "y2": 350,
                    "x3": 1187,
                    "y3": 383
                },
                "yolo_standard": {
                    "x_center": 0.710003,
                    "y_center": 0.157096,
                    "w": 0.022301,
                    "h": 0.013825,
                    "rotation": 0.0077
                }
            },
            {
                "id": 13,
                "polygon": {
                    "x0": 1153,
                    "y0": 394,