{
    "task_info": {
        "name": "Task 2 Final",
        "total_lines": 10
    },
    "input": {
        "text_blocks": [
            {
                "id": 0,
                "polygon": {
                    "x0": 337,
                    "y0": 670,
                    "x1": 339,
                    "y1": 600,
                    "x2": 255,
                    "y2": 597,
                    "x3": 253,
                    "y3": 667
                },
                "yolo_standard": {
                    "x_center": 0.174502,
                    "y_center": 0.271215,
                    "w": 0.049593,
                    "h": 0.029954,
                    "rotation": 0.0281
                }
            },
            {
                "id": 1,
                "polygon": {
                    "x0": 237,
                    "y0": 361,
                    "x1": 237,
                    "y1": 285,
                    "x2": 102,
                    "y2": 285,
                    "x3": 102,
                    "y3": 361
                },
                "yolo_standard": {
                    "x_center": 0.099925,
                    "y_center": 0.138412,
                    "w": 0.079711,
                    "h": 0.032398,
                    "rotation": -0.0019
                }
            },
            {
                "id": 2,
                "polygon": {
                    "x0": 470,
                    "y0": 374,
                    "x1": 474,
                    "y1": 305,
                    "x2": 323,
                    "y2": 298,
                    "x3": 320,
                    "y3": 368
                },
                "yolo_standard": {
                    "x_center": 0.23372,
                    "y_center": 0.144019,
                    "w": 0.088555,
                    "h": 0.029777,
                    "rotation": 0.0451
                }
            },
            {
                "id": 3,
                "polygon": {
                    "x0": 1616,
                    "y0": 585,
                    "x1": 1616,
                    "y1": 494,
                    "x2": 1423,
                    "y2": 495,
                    "x3": 1423,
                    "y3": 585
                },
                "yolo_standard": {
                    "x_center": 0.894236,
                    "y_center": 0.23104,
                    "w": 0.113438,
                    "h": 0.038826,
                    "rotation": -0.0042
                }
            },
            {
                "id": 4,
                "polygon": {
                    "x0": 709,
                    "y0": 546,
                    "x1": 710,
                    "y1": 502,
                    "x2": 652,
                    "y2": 501,
                    "x3": 651,
                    "y3": 546
                },
                "yolo_standard": {
                    "x_center": 0.400582,
                    "y_center": 0.224152,
                    "w": 0.034142,
                    "h": 0.019201,
                    "rotation": 0.0158
                }
            },
            {
                "id": 5,
                "polygon": {
                    "x0": 603,
                    "y0": 544,
                    "x1": 604,
                    "y1": 495,
                    "x2": 492,
                    "y2": 493,
                    "x3": 491,
                    "y3": 543
                },
                "yolo_standard": {
                    "x_center": 0.32255,
                    "y_center": 0.222167,
                    "w": 0.065939,
                    "h": 0.020972,
                    "rotation": 0.0166
                }
            },
            {
                "id": 6,
                "polygon": {
                    "x0": 207,
                    "y0": 663,
                    "x1": 208,
                    "y1": 615,
                    "x2": 136,
                    "y2": 613,
                    "x3": 135,
                    "y3": 662
                },
                "yolo_standard": {
                    "x_center": 0.101191,
                    "y_center": 0.273239,
                    "w": 0.042429,
                    "h": 0.020767,
                    "rotation": 0.0247
                }
            },
            {
                "id": 7,
                "polygon": {
                    "x0": 1208,
                    "y0": 431,
                    "x1": 1206,
                    "y1": 333,
                    "x2": 1053,
                    "y2": 335,
                    "x3": 1054,
                    "y3": 434
                },
                "yolo_standard": {
                    "x_center": 0.665212,
                    "y_center": 0.164104,
                    "w": 0.090368,
                    "h": 0.042164,
                    "rotation": -0.0156
                }
            },
            {
                "id": 8,
                "polygon": {
                    "x0": 603,
                    "y0": 692,
                    "x1": 599,
                    "y1": 613,
                    "x2": 414,
                    "y2": 622,
                    "x3": 418,
                    "y3": 701
                },
                "yolo_standard": {
                    "x_center": 0.299401,
                    "y_center": 0.281239,
                    "w": 0.109169,
                    "h": 0.033759,
                    "rotation": -0.0489
                }
            },
            {
                "id": 9,
                "polygon": {
                    "x0": 1307,
                    "y0": 407,
                    "x1": 1308,
                    "y1": 361,
                    "x2": 1258,
                    "y2": 359,
                    "x3": 1257,
                    "y3": 406
                },
                "yolo_standard": {
                    "x_center": 0.754776,
                    "y_center": 0.164041,
                    "w": 0.029077,
                    "h": 0.019694,
                    "rotation": 0.0207
                }
            },
            {
                "id": 10,
                "polygon": {
                    "x0": 969,
                    "y0": 589,
                    "x1": 980,
                    "y1": 523,
                    "x2": 775,
                    "y2": 490,
                    "x3": 765,
                    "y3": 556
                },
                "yolo_standard": {
                    "x_center": 0.513416,
                    "y_center": 0.230916,
                    "w": 0.121831,
                    "h": 0.028864,
                    "rotation": 0.1607
                }
            },
            {
                "id": 11,
                "polygon": {
                    "x0": 1092,
                    "y0": 561,
                    "x1": 1093,
                    "y1": 524,
                    "x2": 1056,
                    "y2": 523,
                    "x3": 1054,
                    "y3": 560
                },
                "yolo_standard": {
                    "x_center": 0.631817,
                    "y_center": 0.23193,
                    "w": 0.021831,
                    "h": 0.015804,
                    "rotation": 0.0319
                }
            },
            {
                "id": 12,
                "polygon": {
                    "x0": 626,
                    "y0": 379,
                    "x1": 628,
                    "y1": 342,
                    "x2": 566,
                    "y2": 339,
                    "x3": 565,
                    "y3": 377
                },
                "yolo_standard": {
                    "x_center": 0.350939,
                    "y_center": 0.15385,
                    "w": 0.036344,
                    "h": 0.015873,
                    "rotation": 0.0377
                }
            },
            {
                "id": 13,
                "polygon": {
                    "x0": 1391,