{
    "task_info": {
        "name": "Task 2 Final",
        "total_lines": 10
    },
    "input": {
        "text_blocks": [
            {
                "id": 0,
                "polygon": {
                    "x0": 800,
                    "y0": 610,
                    "x1": 798,
                    "y1": 539,
                    "x2": 577,
                    "y2": 544,
                    "x3": 579,
                    "y3": 615
                },
                "yolo_standard": {
                    "x_center": 0.459239,
                    "y_center": 0.444187,
                    "w": 0.147208,
                    "h": 0.054968,
                    "rotation": -0.0223
                }
            },
            {
                "id": 1,
                "polygon": {
                    "x0": 593,
                    "y0": 1086,
                    "x1": 591,
                    "y1": 991,
                    "x2": 377,
                    "y2": 997,
                    "x3": 380,
                    "y3": 1092
                },
                "yolo_standard": {
                    "x_center": 0.323969,
                    "y_center": 0.801709,
                    "w": 0.142218,
                    "h": 0.073179,
                    "rotation": -0.0292
                }
            },
            {
                "id": 2,
                "polygon": {
                    "x0": 557,
                    "y0": 899,
                    "x1": 558,
                    "y1": 818,
                    "x2": 330,
                    "y2": 817,
                    "x3": 329,
                    "y3": 897
                },
                "yolo_standard": {
                    "x_center": 0.29601,
                    "y_center": 0.660247,
                    "w": 0.151808,
                    "h": 0.061853,
                    "rotation": 0.0064
                }
            },
            {
                "id": 3,
                "polygon": {
                    "x0": 527,
                    "y0": 712,
                    "x1": 527,
                    "y1": 634,
                    "x2": 307,
                    "y2": 633,
                    "x3": 307,
                    "y3": 711
                },
                "yolo_standard": {
                    "x_center": 0.278357,
                    "y_center": 0.517783,
                    "w": 0.146539,
                    "h": 0.06027,
                    "rotation": 0.0037
                }
            },
            {
                "id": 4,
                "polygon": {
                    "x0": 311,
                    "y0": 434,
                    "x1": 311,
                    "y1": 381,
                    "x2": 185,
                    "y2": 380,
                    "x3": 185,
                    "y3": 434
                },
                "yolo_standard": {
                    "x_center": 0.165621,
                    "y_center": 0.313701,
                    "w": 0.083996,
                    "h": 0.040912,
                    "rotation": 0.0044
                }
            },
            {
                "id": 5,
                "polygon": {
                    "x0": 684,
                    "y0": 1073,
                    "x1": 684,
                    "y1": 999,
                    "x2": 627,
                    "y2": 999,
                    "x3": 627,
                    "y3": 1073
                },
                "yolo_standard": {
                    "x_center": 0.437242,
                    "y_center": 0.797127,
                    "w": 0.038078,
                    "h": 0.056759,
                    "rotation": 0.0035
                }
            },
            {
                "id": 6,
                "polygon": {
                    "x0": 859,
                    "y0": 710,
                    "x1": 858,
                    "y1": 651,
                    "x2": 681,
                    "y2": 653,
                    "x3": 682,
                    "y3": 713
                },
                "yolo_standard": {
                    "x_center": 0.513702,
                    "y_center": 0.524858,
                    "w": 0.11764,
                    "h": 0.045833,
                    "rotation": -0.0128
                }
            },
            {
                "id": 7,
                "polygon": {
                    "x0": 545,
                    "y0": 626,
                    "x1": 546,
                    "y1": 556,
                    "x2": 485,
                    "y2": 555,
                    "x3": 484,
                    "y3": 624
                },
                "yolo_standard": {
                    "x_center": 0.343685,
                    "y_center": 0.454454,
                    "w": 0.040901,
                    "h": 0.053437,
                    "rotation": 0.022
                }
            },
            {
                "id": 8,
                "polygon": {
                    "x0": 984,
                    "y0": 400,
                    "x1": 982,
                    "y1": 305,
                    "x2": 705,
                    "y2": 308,
                    "x3": 706,
                    "y3": 403
                },
                "yolo_standard": {
                    "x_center": 0.563103,
                    "y_center": 0.272672,
                    "w": 0.185222,
                    "h": 0.073508,
                    "rotation": -0.0118
                }
            },
            {
                "id": 9,
                "polygon": {
                    "x0": 544,
                    "y0": 446,
                    "x1": 546,
                    "y1": 379,
                    "x2": 366,
                    "y2": 374,
                    "x3": 365,
                    "y3": 442
                },
                "yolo_standard": {
                    "x_center": 0.303897,
                    "y_center": 0.316147,
                    "w": 0.119884,
                    "h": 0.051789,
                    "rotation": 0.0261
                }
            },
            {
                "id": 10,
                "polygon": {
                    "x0": 648,
                    "y0": 720,
                    "x1": 650,
                    "y1": 649,
                    "x2": 572,
                    "y2": 647,
                    "x3": 569,
                    "y3": 717
                },
                "yolo_standard": {
                    "x_center": 0.406901,
                    "y_center": 0.525905,
                    "w": 0.052454,
                    "h": 0.054499,
                    "rotation": 0.0292
                }
            },
            {
                "id": 11,
                "polygon": {
                    "x0": 1292,
                    "y0": 407,
                    "x1": 1292,
                    "y1": 316,
                    "x2": 1024,
                    "y2": 317,
                    "x3": 1024,
                    "y3": 408
                },
                "yolo_standard": {
                    "x_center": 0.772454,
                    "y_center": 0.278787,
                    "w": 0.178673,
                    "h": 0.069616,
                    "rotation": -0.0049
                }
            },
            {
                "id": 12,
                "polygon": {
                    "x0": 685,
                    "y0": 894,
                    "x1": 686,
                    "y1": 826,
                    "x2": 622,
                    "y2": 825,
                    "x3": 621,
                    "y3": 893
                },
                "yolo_standard": {
                    "x_center": 0.435945,
                    "y_center": 0.661399,
                    "w": 0.042155,
                    "h": 0.052527,
                    "rotation": 0.015
                }
            },
            {
                "id": 13,
                "polygon": {
                    "x0": 996,