{
    "task_info": {
        "name": "Task 2 Final",
        "total_lines": 9
    },
    "input": {
        "text_blocks": [
            {
                "id": 0,
                "polygon": {
                    "x0": 665,
                    "y0": 2072,
                    "x1": 661,
                    "y1": 1933,
                    "x2": 309,
                    "y2": 1945,
                    "x3": 314,
                    "y3": 2084
                },
                "yolo_standard": {
                    "x_center": 0.169122,
                    "y_center": 0.623961,
                    "w": 0.121888,
                    "h": 0.043272,
                    "rotation": -0.033
                }
            },
            {
                "id": 1,
                "polygon": {
                    "x0": 1786,
                    "y0": 2075,
                    "x1": 1782,
                    "y1": 1920,
                    "x2": 1486,
                    "y2": 1927,
                    "x3": 1490,
                    "y3": 2082
                },
                "yolo_standard": {
                    "x_center": 0.567254,
                    "y_center": 0.621589,
                    "w": 0.102561,
                    "h": 0.047962,
                    "rotation": -0.0231
                }
            },
            {
                "id": 2,
                "polygon": {
                    "x0": 1401,
                    "y0": 2070,
                    "x1": 1400,
                    "y1": 1930,
                    "x2": 760,
                    "y2": 1935,
                    "x3": 761,
                    "y3": 2075
                },
                "yolo_standard": {
                    "x_center": 0.374788,
                    "y_center": 0.6221,
                    "w": 0.221803,
                    "h": 0.043593,
                    "rotation": -0.0082
                }
            },
            {
                "id": 3,
                "polygon": {
                    "x0": 2775,
                    "y0": 1832,
                    "x1": 2776,
                    "y1": 1677,
                    "x2": 2318,
                    "y2": 1674,
                    "x3": 2317,
                    "y3": 1828
                },
                "yolo_standard": {
                    "x_center": 0.882735,
                    "y_center": 0.544461,
                    "w": 0.158702,
                    "h": 0.048022,
                    "rotation": 0.0076
                }
            },
            {
                "id": 4,
                "polygon": {
                    "x0": 451,
                    "y0": 1878,
                    "x1": 454,
                    "y1": 1717,
                    "x2": 6,
                    "y2": 1708,
                    "x3": 3,
                    "y3": 1869
                },
                "yolo_standard": {
                    "x_center": 0.079393,
                    "y_center": 0.556987,
                    "w": 0.155158,
                    "h": 0.050131,
                    "rotation": 0.0207
                }
            },
            {
                "id": 5,
                "polygon": {
                    "x0": 1069,
                    "y0": 2269,
                    "x1": 1062,
                    "y1": 2129,
                    "x2": 831,
                    "y2": 2141,
                    "x3": 838,
                    "y3": 2282
                },
                "yolo_standard": {
                    "x_center": 0.329408,
                    "y_center": 0.685073,
                    "w": 0.0802,
                    "h": 0.043576,
                    "rotation": -0.0522
                }
            },
            {
                "id": 6,
                "polygon": {
                    "x0": 2456,
                    "y0": 2250,
                    "x1": 2455,
                    "y1": 2093,
                    "x2": 1735,
                    "y2": 2098,
                    "x3": 1737,
                    "y3": 2255
                },
                "yolo_standard": {
                    "x_center": 0.726607,
                    "y_center": 0.675336,
                    "w": 0.249389,
                    "h": 0.048998,
                    "rotation": -0.0069
                }
            },
            {
                "id": 7,
                "polygon": {
                    "x0": 1979,
                    "y0": 1842,
                    "x1": 1984,
                    "y1": 1730,
                    "x2": 1832,
                    "y2": 1725,
                    "x3": 1828,
                    "y3": 1836
                },
                "yolo_standard": {
                    "x_center": 0.660757,
                    "y_center": 0.554025,
                    "w": 0.052419,
                    "h": 0.034761,
                    "rotation": 0.0389
                }
            },
            {
                "id": 8,
                "polygon": {
                    "x0": 1635,
                    "y0": 2262,
                    "x1": 1628,
                    "y1": 2120,
                    "x2": 1167,
                    "y2": 2143,
                    "x3": 1174,
                    "y3": 2285
                },
                "yolo_standard": {
                    "x_center": 0.485707,
                    "y_center": 0.684081,
                    "w": 0.159949,
                    "h": 0.044055,
                    "rotation": -0.0502
                }
            },
            {
                "id": 9,
                "polygon": {
                    "x0": 1722,
                    "y0": 1871,
                    "x1": 1722,
                    "y1": 1712,
                    "x2": 872,
                    "y2": 1715,
                    "x3": 873,
                    "y3": 1874
                },
                "yolo_standard": {
                    "x_center": 0.449819,
                    "y_center": 0.556979,
                    "w": 0.294452,
                    "h": 0.049281,
                    "rotation": -0.0038
                }
            },
            {
                "id": 10,
                "polygon": {
                    "x0": 723,
                    "y0": 2294,
                    "x1": 725,
                    "y1": 2152,
                    "x2": 59,
                    "y2": 2142,
                    "x3": 57,
                    "y3": 2284
                },
                "yolo_standard": {
                    "x_center": 0.135722,
                    "y_center": 0.688952,
                    "w": 0.231126,
                    "h": 0.044264,
                    "rotation": 0.0151
                }
            },
            {
                "id": 11,
                "polygon": {
                    "x0": 2745,
                    "y0": 2090,
                    "x1": 2749,
                    "y1": 1914,
                    "x2": 1902,
                    "y2": 1895,
                    "x3": 1898,
                    "y3": 2071
                },
                "yolo_standard": {
                    "x_center": 0.805552,
                    "y_center": 0.618852,
                    "w": 0.293782,
                    "h": 0.05472,
                    "rotation": 0.0224
                }
            },
            {
                "id": 12,
                "polygon": {
                    "x0": 206,
                    "y0": 2096,
                    "x1": 182,
                    "y1": 1934,
                    "x2": -5,
                    "y2": 1962,
                    "x3": 17,
                    "y3": 2124
                },
                "yolo_standard": {
                    "x_center": 0.034793,
                    "y_center": 0.630289,
                    "w": 0.066007,
                    "h": 0.050852,
                    "rotation": -0.1449
                }
            },
            {
                "id": 13,