{
    "task_info": {
        "name": "Task 2 Final",
        "total_lines": 11
    },
    "input": {
        "text_blocks": [
            {
                "id": 0,
                "polygon": {
                    "x0": 745,
                    "y0": 892,
                    "x1": 742,
                    "y1": 774,
                    "x2": 580,
                    "y2": 778,
                    "x3": 583,
                    "y3": 896
                },
                "yolo_standard": {
                    "x_center": 0.324941,
                    "y_center": 0.407904,
                    "w": 0.079573,
                    "h": 0.057749,
                    "rotation": -0.0227
                }
            },
            {
                "id": 1,
                "polygon": {
                    "x0": 912,
                    "y0": 724,
                    "x1": 910,
                    "y1": 627,
                    "x2": 620,
                    "y2": 634,
                    "x3": 622,
                    "y3": 731
                },
                "yolo_standard": {
                    "x_center": 0.375708,
                    "y_center": 0.331862,
                    "w": 0.142034,
                    "h": 0.047192,
                    "rotation": -0.0247
                }
            },
            {
                "id": 2,
                "polygon": {
                    "x0": 584,
                    "y0": 1020,
                    "x1": 587,
                    "y1": 942,
                    "x2": 385,
                    "y2": 935,
                    "x3": 383,
                    "y3": 1013
                },
                "yolo_standard": {
                    "x_center": 0.237911,
                    "y_center": 0.477489,
                    "w": 0.098735,
                    "h": 0.03812,
                    "rotation": 0.0313
                }
            },
            {
                "id": 3,
                "polygon": {
                    "x0": 1198,
                    "y0": 725,
                    "x1": 1197,
                    "y1": 616,
                    "x2": 984,
                    "y2": 619,
                    "x3": 985,
                    "y3": 728
                },
                "yolo_standard": {
                    "x_center": 0.534941,
                    "y_center": 0.328493,
                    "w": 0.104405,
                    "h": 0.053435,
                    "rotation": -0.0139
                }
            },
            {
                "id": 4,
                "polygon": {
                    "x0": 511,
                    "y0": 913,
                    "x1": 509,
                    "y1": 779,
                    "x2": 170,
                    "y2": 786,
                    "x3": 173,
                    "y3": 919
                },
                "yolo_standard": {
                    "x_center": 0.167329,
                    "y_center": 0.414818,
                    "w": 0.16595,
                    "h": 0.065404,
                    "rotation": -0.0204
                }
            },
            {
                "id": 5,
                "polygon": {
                    "x0": 1100,
                    "y0": 902,
                    "x1": 1089,
                    "y1": 762,
                    "x2": 814,
                    "y2": 782,
                    "x3": 824,
                    "y3": 922
                },
                "yolo_standard": {
                    "x_center": 0.469147,
                    "y_center": 0.411309,
                    "w": 0.135454,
                    "h": 0.068576,
                    "rotation": -0.0735
                }
            },
            {
                "id": 6,
                "polygon": {
                    "x0": 1500,
                    "y0": 717,
                    "x1": 1500,
                    "y1": 602,
                    "x2": 1263,
                    "y2": 603,
                    "x3": 1264,
                    "y3": 718
                },
                "yolo_standard": {
                    "x_center": 0.677597,
                    "y_center": 0.32239,
                    "w": 0.116034,
                    "h": 0.056147,
                    "rotation": -0.0028
                }
            },
            {
                "id": 7,
                "polygon": {
                    "x0": 1965,
                    "y0": 844,
                    "x1": 1964,
                    "y1": 729,
                    "x2": 1779,
                    "y2": 730,
                    "x3": 1780,
                    "y3": 846
                },
                "yolo_standard": {
                    "x_center": 0.917833,
                    "y_center": 0.384628,
                    "w": 0.090677,
                    "h": 0.056529,
                    "rotation": -0.0068
                }
            },
            {
                "id": 8,
                "polygon": {
                    "x0": 1032,
                    "y0": 1053,
                    "x1": 1027,
                    "y1": 903,
                    "x2": 711,
                    "y2": 914,
                    "x3": 716,
                    "y3": 1064
                },
                "yolo_standard": {
                    "x_center": 0.427464,
                    "y_center": 0.480479,
                    "w": 0.155034,
                    "h": 0.073234,
                    "rotation": -0.033
                }
            },
            {
                "id": 9,
                "polygon": {
                    "x0": 1538,
                    "y0": 844,
                    "x1": 1527,
                    "y1": 722,
                    "x2": 1166,
                    "y2": 755,
                    "x3": 1177,
                    "y3": 877
                },
                "yolo_standard": {
                    "x_center": 0.662977,
                    "y_center": 0.39069,
                    "w": 0.177448,
                    "h": 0.059767,
                    "rotation": -0.0928
                }
            },
            {
                "id": 10,
                "polygon": {
                    "x0": 1948,
                    "y0": 767,
                    "x1": 1950,
                    "y1": 609,
                    "x2": 1559,
                    "y2": 605,
                    "x3": 1557,
                    "y3": 763
                },
                "yolo_standard": {
                    "x_center": 0.859734,
                    "y_center": 0.335069,
                    "w": 0.191786,
                    "h": 0.077327,
                    "rotation": 0.0104
                }
            },
            {
                "id": 11,
                "polygon": {
                    "x0": 1729,
                    "y0": 849,
                    "x1": 1728,
                    "y1": 738,
                    "x2": 1581,
                    "y2": 740,
                    "x3": 1582,
                    "y3": 850
                },
                "yolo_standard": {
                    "x_center": 0.811526,
                    "y_center": 0.387984,
                    "w": 0.072261,
                    "h": 0.053822,
                    "rotation": -0.0092
                }
            },
            {
                "id": 12,
                "polygon": {
                    "x0": 554,
                    "y0": 769,
                    "x1": 548,
                    "y1": 656,
                    "x2": 337,
                    "y2": 668,
                    "x3": 343,
                    "y3": 781
                },
                "yolo_standard": {
                    "x_center": 0.218658,
                    "y_center": 0.351046,
                    "w": 0.103638,
                    "h": 0.054986,
                    "rotation": -0.0558
                }
            },
            {
                "id": 13,
                "polygon": {
                    "x0": 276,