{
    "task_info": {
        "name": "Task 2 Final",
        "total_lines": 10
    },
    "input": {
        "text_blocks": [
            {
                "id": 0,
                "polygon": {
                    "x0": 3437,
                    "y0": 1034,
                    "x1": 3421,
                    "y1": 601,
                    "x2": 2741,
                    "y2": 625,
                    "x3": 2756,
                    "y3": 1057
                },
                "yolo_standard": {
                    "x_center": 0.772332,
                    "y_center": 0.276522,
                    "w": 0.170156,
                    "h": 0.14437,
                    "rotation": -0.0351
                }
            },
            {
                "id": 1,
                "polygon": {
                    "x0": 1453,
                    "y0": 829,
                    "x1": 1449,
                    "y1": 389,
                    "x2": 25,
                    "y2": 403,
                    "x3": 29,
                    "y3": 843
                },
                "yolo_standard": {
                    "x_center": 0.184832,
                    "y_center": 0.205432,
                    "w": 0.356065,
                    "h": 0.146699,
                    "rotation": -0.0101
                }
            },
            {
                "id": 2,
                "polygon": {
                    "x0": 2162,
                    "y0": 1685,
                    "x1": 2161,
                    "y1": 1431,
                    "x2": 1352,
                    "y2": 1434,
                    "x3": 1353,
                    "y3": 1688
                },
                "yolo_standard": {
                    "x_center": 0.439442,
                    "y_center": 0.520022,
                    "w": 0.202305,
                    "h": 0.084591,
                    "rotation": -0.0035
                }
            },
            {
                "id": 3,
                "polygon": {
                    "x0": 2984,
                    "y0": 1634,
                    "x1": 2986,
                    "y1": 1216,
                    "x2": 2234,
                    "y2": 1213,
                    "x3": 2232,
                    "y3": 1632
                },
                "yolo_standard": {
                    "x_center": 0.652381,
                    "y_center": 0.474713,
                    "w": 0.188037,
                    "h": 0.139554,
                    "rotation": 0.0035
                }
            },
            {
                "id": 4,
                "polygon": {
                    "x0": 1152,
                    "y0": 1507,
                    "x1": 1192,
                    "y1": 980,
                    "x2": 128,
                    "y2": 898,
                    "x3": 87,
                    "y3": 1425
                },
                "yolo_standard": {
                    "x_center": 0.160083,
                    "y_center": 0.401086,
                    "w": 0.266881,
                    "h": 0.176237,
                    "rotation": 0.0766
                }
            },
            {
                "id": 5,
                "polygon": {
                    "x0": 2714,
                    "y0": 1218,
                    "x1": 2742,
                    "y1": 815,
                    "x2": 1703,
                    "y2": 744,
                    "x3": 1675,
                    "y3": 1147
                },
                "yolo_standard": {
                    "x_center": 0.552208,
                    "y_center": 0.327176,
                    "w": 0.260333,
                    "h": 0.134846,
                    "rotation": 0.0681
                }
            },
            {
                "id": 6,
                "polygon": {
                    "x0": 2965,
                    "y0": 621,
                    "x1": 2953,
                    "y1": 283,
                    "x2": 1617,
                    "y2": 329,
                    "x3": 1628,
                    "y3": 667
                },
                "yolo_standard": {
                    "x_center": 0.572855,
                    "y_center": 0.158443,
                    "w": 0.334345,
                    "h": 0.112883,
                    "rotation": -0.0345
                }
            },
            {
                "id": 7,
                "polygon": {
                    "x0": 1247,
                    "y0": 1790,
                    "x1": 1263,
                    "y1": 1442,
                    "x2": 202,
                    "y2": 1394,
                    "x3": 186,
                    "y3": 1742
                },
                "yolo_standard": {
                    "x_center": 0.18128,
                    "y_center": 0.530784,
                    "w": 0.265479,
                    "h": 0.116221,
                    "rotation": 0.045
                }
            },
            {
                "id": 8,
                "polygon": {
                    "x0": 3896,
                    "y0": 896,
                    "x1": 3889,
                    "y1": 561,
                    "x2": 3482,
                    "y2": 570,
                    "x3": 3489,
                    "y3": 904
                },
                "yolo_standard": {
                    "x_center": 0.922417,
                    "y_center": 0.244423,
                    "w": 0.101831,
                    "h": 0.111531,
                    "rotation": -0.0209
                }
            },
            {
                "id": 9,
                "polygon": {
                    "x0": 1519,
                    "y0": 1501,
                    "x1": 1522,
                    "y1": 884,
                    "x2": 1279,
                    "y2": 883,
                    "x3": 1276,
                    "y3": 1499
                },
                "yolo_standard": {
                    "x_center": 0.349877,
                    "y_center": 0.397403,
                    "w": 0.06056,
                    "h": 0.205481,
                    "rotation": 0.0048
                }
            },
            {
                "id": 10,
                "polygon": {
                    "x0": 2537,
                    "y0": 1621,
                    "x1": 2543,
                    "y1": 1231,
                    "x2": 2237,
                    "y2": 1227,
                    "x3": 2232,
                    "y3": 1616
                },
                "yolo_standard": {
                    "x_center": 0.59696,
                    "y_center": 0.474749,
                    "w": 0.076395,
                    "h": 0.129833,
                    "rotation": 0.0143
                }
            }
        ]
    },
    "output_predicted": {
        "text_blocks": [
            {
                "id": 0,
                "polygon": {
                    "x0": 1617,
                    "y0": 283,
                    "x1": 2965,
                    "y1": 283,
                    "x2": 2965,
                    "y2": 667,
                    "x3": 1617,
                    "y3": 667
                },
                "word_ids": [
                    6
                ],
                "text": "Bernand",
                "type": "Header"
            },
            {
                "id": 1,
                "polygon": {
                    "x0": 25,
                    "y0": 389,
                    "x1": 1453,
                    "y1": 389,
                    "x2": 1453,
                    "y2": 843,
                    "x3": 25,
                    "y3": 843
                },
                "word_ids": [
                    1
                ],
                "text": "Aondoallace",
                "type": "Body"
            },
            {
                "id": 2,
                "polygon": {
                    "x0": 3482,
                    "y0": 561,
                    "x1": 3896,
                    "y1": 561,