{
    "task_info": {
        "name": "Task 2 Final",
        "total_lines": 13
    },
    "input": {
        "text_blocks": [
            {
                "id": 0,
                "polygon": {
                    "x0": 801,
                    "y0": 222,
                    "x1": 800,
                    "y1": 25,
                    "x2": 224,
                    "y2": 27,
                    "x3": 224,
                    "y3": 224
                },
                "yolo_standard": {
                    "x_center": 0.148332,
                    "y_center": 0.058709,
                    "w": 0.166703,
                    "h": 0.092495,
                    "rotation": -0.0035
                }
            },
            {
                "id": 1,
                "polygon": {
                    "x0": 895,
                    "y0": 514,
                    "x1": 899,
                    "y1": 280,
                    "x2": 531,
                    "y2": 274,
                    "x3": 527,
                    "y3": 508
                },
                "yolo_standard": {
                    "x_center": 0.206407,
                    "y_center": 0.18525,
                    "w": 0.106565,
                    "h": 0.109995,
                    "rotation": 0.0173
                }
            },
            {
                "id": 2,
                "polygon": {
                    "x0": 1567,
                    "y0": 207,
                    "x1": 1567,
                    "y1": 15,
                    "x2": 1032,
                    "y2": 15,
                    "x3": 1032,
                    "y3": 207
                },
                "yolo_standard": {
                    "x_center": 0.376107,
                    "y_center": 0.052506,
                    "w": 0.154804,
                    "h": 0.09016,
                    "rotation": -0.0006
                }
            },
            {
                "id": 3,
                "polygon": {
                    "x0": 1569,
                    "y0": 459,
                    "x1": 1566,
                    "y1": 278,
                    "x2": 994,
                    "y2": 286,
                    "x3": 997,
                    "y3": 468
                },
                "yolo_standard": {
                    "x_center": 0.370897,
                    "y_center": 0.175242,
                    "w": 0.165626,
                    "h": 0.085124,
                    "rotation": -0.0156
                }
            },
            {
                "id": 4,
                "polygon": {
                    "x0": 943,
                    "y0": 753,
                    "x1": 911,
                    "y1": 494,
                    "x2": 261,
                    "y2": 574,
                    "x3": 292,
                    "y3": 833
                },
                "yolo_standard": {
                    "x_center": 0.17432,
                    "y_center": 0.311942,
                    "w": 0.189675,
                    "h": 0.122438,
                    "rotation": -0.1217
                }
            },
            {
                "id": 5,
                "polygon": {
                    "x0": 1058,
                    "y0": 1462,
                    "x1": 1049,
                    "y1": 1231,
                    "x2": 457,
                    "y2": 1254,
                    "x3": 466,
                    "y3": 1485
                },
                "yolo_standard": {
                    "x_center": 0.219335,
                    "y_center": 0.638111,
                    "w": 0.171278,
                    "h": 0.108724,
                    "rotation": -0.0388
                }
            },
            {
                "id": 6,
                "polygon": {
                    "x0": 3349,
                    "y0": 457,
                    "x1": 3324,
                    "y1": 157,
                    "x2": 2198,
                    "y2": 250,
                    "x3": 2223,
                    "y3": 550
                },
                "yolo_standard": {
                    "x_center": 0.802715,
                    "y_center": 0.166297,
                    "w": 0.326965,
                    "h": 0.14143,
                    "rotation": -0.082
                }
            },
            {
                "id": 7,
                "polygon": {
                    "x0": 1450,
                    "y0": 1788,
                    "x1": 1435,
                    "y1": 1505,
                    "x2": 706,
                    "y2": 1544,
                    "x3": 721,
                    "y3": 1827
                },
                "yolo_standard": {
                    "x_center": 0.312077,
                    "y_center": 0.782887,
                    "w": 0.211336,
                    "h": 0.133259,
                    "rotation": -0.0533
                }
            },
            {
                "id": 8,
                "polygon": {
                    "x0": 2677,
                    "y0": 249,
                    "x1": 2671,
                    "y1": 2,
                    "x2": 1967,
                    "y2": 20,
                    "x3": 1973,
                    "y3": 267
                },
                "yolo_standard": {
                    "x_center": 0.672003,
                    "y_center": 0.06347,
                    "w": 0.203607,
                    "h": 0.115938,
                    "rotation": -0.0253
                }
            },
            {
                "id": 9,
                "polygon": {
                    "x0": 1904,
                    "y0": 257,
                    "x1": 1907,
                    "y1": 25,
                    "x2": 1712,
                    "y2": 23,
                    "x3": 1709,
                    "y3": 255
                },
                "yolo_standard": {
                    "x_center": 0.52328,
                    "y_center": 0.066095,
                    "w": 0.056534,
                    "h": 0.109057,
                    "rotation": 0.0111
                }
            },
            {
                "id": 10,
                "polygon": {
                    "x0": 3361,
                    "y0": 1307,
                    "x1": 3352,
                    "y1": 1060,
                    "x2": 2476,
                    "y2": 1090,
                    "x3": 2484,
                    "y3": 1337
                },
                "yolo_standard": {
                    "x_center": 0.844508,
                    "y_center": 0.56315,
                    "w": 0.253757,
                    "h": 0.115924,
                    "rotation": -0.0341
                }
            },
            {
                "id": 11,
                "polygon": {
                    "x0": 1621,
                    "y0": 744,
                    "x1": 1626,
                    "y1": 544,
                    "x2": 1050,
                    "y2": 528,
                    "x3": 1044,
                    "y3": 729
                },
                "yolo_standard": {
                    "x_center": 0.386497,
                    "y_center": 0.299116,
                    "w": 0.16688,
                    "h": 0.094111,
                    "rotation": 0.0273
                }
            },
            {
                "id": 12,
                "polygon": {
                    "x0": 2188,
                    "y0": 442,
                    "x1": 2165,
                    "y1": 240,
                    "x2": 1708,
                    "y2": 291,
                    "x3": 1731,
                    "y3": 493
                },
                "yolo_standard": {
                    "x_center": 0.563809,
                    "y_center": 0.172342,
                    "w": 0.133205,
                    "h": 0.095452,
                    "rotation": -0.1122
                }
            },
            {
                "id": 13,