{
    "task_info": {
        "name": "Task 2 Final",
        "total_lines": 11
    },
    "input": {
        "text_blocks": [
            {
                "id": 0,
                "polygon": {
                    "x0": 411,
                    "y0": 392,
                    "x1": 412,
                    "y1": 308,
                    "x2": 299,
                    "y2": 307,
                    "x3": 298,
                    "y3": 392
                },
                "yolo_standard": {
                    "x_center": 0.209225,
                    "y_center": 0.149868,
                    "w": 0.066412,
                    "h": 0.03597,
                    "rotation": 0.0064
                }
            },
            {
                "id": 1,
                "polygon": {
                    "x0": 1323,
                    "y0": 570,
                    "x1": 1325,
                    "y1": 503,
                    "x2": 1211,
                    "y2": 500,
                    "x3": 1209,
                    "y3": 567
                },
                "yolo_standard": {
                    "x_center": 0.745739,
                    "y_center": 0.229075,
                    "w": 0.067151,
                    "h": 0.028465,
                    "rotation": 0.0278
                }
            },
            {
                "id": 2,
                "polygon": {
                    "x0": 863,
                    "y0": 560,
                    "x1": 861,
                    "y1": 464,
                    "x2": 666,
                    "y2": 469,
                    "x3": 669,
                    "y3": 565
                },
                "yolo_standard": {
                    "x_center": 0.450061,
                    "y_center": 0.22031,
                    "w": 0.11443,
                    "h": 0.040896,
                    "rotation": -0.0256
                }
            },
            {
                "id": 3,
                "polygon": {
                    "x0": 911,
                    "y0": 448,
                    "x1": 911,
                    "y1": 359,
                    "x2": 833,
                    "y2": 359,
                    "x3": 833,
                    "y3": 448
                },
                "yolo_standard": {
                    "x_center": 0.513317,
                    "y_center": 0.172766,
                    "w": 0.045925,
                    "h": 0.038023,
                    "rotation": -0.0028
                }
            },
            {
                "id": 4,
                "polygon": {
                    "x0": 385,
                    "y0": 519,
                    "x1": 391,
                    "y1": 431,
                    "x2": 171,
                    "y2": 417,
                    "x3": 166,
                    "y3": 505
                },
                "yolo_standard": {
                    "x_center": 0.163956,
                    "y_center": 0.200347,
                    "w": 0.129525,
                    "h": 0.037621,
                    "rotation": 0.0611
                }
            },
            {
                "id": 5,
                "polygon": {
                    "x0": 236,
                    "y0": 384,
                    "x1": 241,
                    "y1": 317,
                    "x2": 56,
                    "y2": 303,
                    "x3": 50,
                    "y3": 370
                },
                "yolo_standard": {
                    "x_center": 0.085951,
                    "y_center": 0.147026,
                    "w": 0.109329,
                    "h": 0.028657,
                    "rotation": 0.0768
                }
            },
            {
                "id": 6,
                "polygon": {
                    "x0": 251,
                    "y0": 628,
                    "x1": 255,
                    "y1": 572,
                    "x2": 43,
                    "y2": 557,
                    "x3": 39,
                    "y3": 613
                },
                "yolo_standard": {
                    "x_center": 0.086845,
                    "y_center": 0.253636,
                    "w": 0.124779,
                    "h": 0.023884,
                    "rotation": 0.0724
                }
            },
            {
                "id": 7,
                "polygon": {
                    "x0": 1565,
                    "y0": 593,
                    "x1": 1571,
                    "y1": 517,
                    "x2": 1396,
                    "y2": 505,
                    "x3": 1391,
                    "y3": 581
                },
                "yolo_standard": {
                    "x_center": 0.871281,
                    "y_center": 0.235122,
                    "w": 0.103131,
                    "h": 0.032515,
                    "rotation": 0.0706
                }
            },
            {
                "id": 8,
                "polygon": {
                    "x0": 766,
                    "y0": 414,
                    "x1": 768,
                    "y1": 340,
                    "x2": 487,
                    "y2": 333,
                    "x3": 486,
                    "y3": 407
                },
                "yolo_standard": {
                    "x_center": 0.368865,
                    "y_center": 0.160047,
                    "w": 0.164845,
                    "h": 0.031701,
                    "rotation": 0.0234
                }
            },
            {
                "id": 9,
                "polygon": {
                    "x0": 1125,
                    "y0": 557,
                    "x1": 1130,
                    "y1": 493,
                    "x2": 960,
                    "y2": 481,
                    "x3": 955,
                    "y3": 545
                },
                "yolo_standard": {
                    "x_center": 0.613595,
                    "y_center": 0.222155,
                    "w": 0.100363,
                    "h": 0.027532,
                    "rotation": 0.0714
                }
            },
            {
                "id": 10,
                "polygon": {
                    "x0": 391,
                    "y0": 668,
                    "x1": 391,
                    "y1": 577,
                    "x2": 313,
                    "y2": 577,
                    "x3": 313,
                    "y3": 668
                },
                "yolo_standard": {
                    "x_center": 0.207343,
                    "y_center": 0.266441,
                    "w": 0.046195,
                    "h": 0.038757,
                    "rotation": -0.0021
                }
            },
            {
                "id": 11,
                "polygon": {
                    "x0": 587,
                    "y0": 553,
                    "x1": 599,
                    "y1": 483,
                    "x2": 454,
                    "y2": 458,
                    "x3": 442,
                    "y3": 528
                },
                "yolo_standard": {
                    "x_center": 0.306521,
                    "y_center": 0.216481,
                    "w": 0.086881,
                    "h": 0.030585,
                    "rotation": 0.1687
                }
            },
            {
                "id": 12,
                "polygon": {
                    "x0": 95,
                    "y0": 474,
                    "x1": 95,
                    "y1": 435,
                    "x2": 46,
                    "y2": 435,
                    "x3": 45,
                    "y3": 474
                },
                "yolo_standard": {
                    "x_center": 0.041614,
                    "y_center": 0.194616,
                    "w": 0.028859,
                    "h": 0.016721,
                    "rotation": 0.0137
                }
            },
            {
                "id": 13,
                "polygon": {
                    "x0": 1395,
                    "y0": 439,