{
    "task_info": {
        "name": "Task 2 Final",
        "total_lines": 12
    },
    "input": {
        "text_blocks": [
            {
                "id": 0,
                "polygon": {
                    "x0": 530,
                    "y0": 549,
                    "x1": 530,
                    "y1": 452,
                    "x2": 152,
                    "y2": 450,
                    "x3": 151,
                    "y3": 547
                },
                "yolo_standard": {
                    "x_center": 0.188009,
                    "y_center": 0.317856,
                    "w": 0.208387,
                    "h": 0.061285,
                    "rotation": 0.0054
                }
            },
            {
                "id": 1,
                "polygon": {
                    "x0": 1399,
                    "y0": 629,
                    "x1": 1399,
                    "y1": 562,
                    "x2": 962,
                    "y2": 564,
                    "x3": 962,
                    "y3": 631
                },
                "yolo_standard": {
                    "x_center": 0.650759,
                    "y_center": 0.37955,
                    "w": 0.240585,
                    "h": 0.042538,
                    "rotation": -0.0047
                }
            },
            {
                "id": 2,
                "polygon": {
                    "x0": 1736,
                    "y0": 1390,
                    "x1": 1734,
                    "y1": 1325,
                    "x2": 1523,
                    "y2": 1332,
                    "x3": 1525,
                    "y3": 1397
                },
                "yolo_standard": {
                    "x_center": 0.89806,
                    "y_center": 0.865452,
                    "w": 0.116079,
                    "h": 0.041388,
                    "rotation": -0.0353
                }
            },
            {
                "id": 3,
                "polygon": {
                    "x0": 1109,
                    "y0": 1417,
                    "x1": 1109,
                    "y1": 1330,
                    "x2": 954,
                    "y2": 1329,
                    "x3": 953,
                    "y3": 1416
                },
                "yolo_standard": {
                    "x_center": 0.568558,
                    "y_center": 0.873205,
                    "w": 0.085733,
                    "h": 0.055301,
                    "rotation": 0.0031
                }
            },
            {
                "id": 4,
                "polygon": {
                    "x0": 677,
                    "y0": 900,
                    "x1": 683,
                    "y1": 796,
                    "x2": 451,
                    "y2": 782,
                    "x3": 445,
                    "y3": 886
                },
                "yolo_standard": {
                    "x_center": 0.310943,
                    "y_center": 0.534912,
                    "w": 0.1283,
                    "h": 0.066268,
                    "rotation": 0.0583
                }
            },
            {
                "id": 5,
                "polygon": {
                    "x0": 811,
                    "y0": 263,
                    "x1": 818,
                    "y1": 163,
                    "x2": 404,
                    "y2": 134,
                    "x3": 397,
                    "y3": 234
                },
                "yolo_standard": {
                    "x_center": 0.334956,
                    "y_center": 0.126582,
                    "w": 0.228877,
                    "h": 0.063508,
                    "rotation": 0.0702
                }
            },
            {
                "id": 6,
                "polygon": {
                    "x0": 929,
                    "y0": 244,
                    "x1": 932,
                    "y1": 171,
                    "x2": 857,
                    "y2": 169,
                    "x3": 855,
                    "y3": 242
                },
                "yolo_standard": {
                    "x_center": 0.492427,
                    "y_center": 0.131582,
                    "w": 0.041087,
                    "h": 0.04628,
                    "rotation": 0.031
                }
            },
            {
                "id": 7,
                "polygon": {
                    "x0": 1189,
                    "y0": 233,
                    "x1": 1192,
                    "y1": 175,
                    "x2": 977,
                    "y2": 165,
                    "x3": 975,
                    "y3": 224
                },
                "yolo_standard": {
                    "x_center": 0.597005,
                    "y_center": 0.126902,
                    "w": 0.118298,
                    "h": 0.037086,
                    "rotation": 0.043
                }
            },
            {
                "id": 8,
                "polygon": {
                    "x0": 488,
                    "y0": 448,
                    "x1": 491,
                    "y1": 339,
                    "x2": 147,
                    "y2": 330,
                    "x3": 144,
                    "y3": 439
                },
                "yolo_standard": {
                    "x_center": 0.175115,
                    "y_center": 0.247581,
                    "w": 0.189387,
                    "h": 0.06941,
                    "rotation": 0.0263
                }
            },
            {
                "id": 9,
                "polygon": {
                    "x0": 1200,
                    "y0": 1058,
                    "x1": 1199,
                    "y1": 998,
                    "x2": 858,
                    "y2": 999,
                    "x3": 859,
                    "y3": 1059
                },
                "yolo_standard": {
                    "x_center": 0.56722,
                    "y_center": 0.654195,
                    "w": 0.18785,
                    "h": 0.038395,
                    "rotation": -0.0039
                }
            },
            {
                "id": 10,
                "polygon": {
                    "x0": 376,
                    "y0": 851,
                    "x1": 378,
                    "y1": 787,
                    "x2": 155,
                    "y2": 780,
                    "x3": 153,
                    "y3": 844
                },
                "yolo_standard": {
                    "x_center": 0.146391,
                    "y_center": 0.518652,
                    "w": 0.123057,
                    "h": 0.040573,
                    "rotation": 0.0318
                }
            },
            {
                "id": 11,
                "polygon": {
                    "x0": 1317,
                    "y0": 736,
                    "x1": 1318,
                    "y1": 681,
                    "x2": 972,
                    "y2": 675,
                    "x3": 971,
                    "y3": 730
                },
                "yolo_standard": {
                    "x_center": 0.630731,
                    "y_center": 0.448816,
                    "w": 0.190608,
                    "h": 0.035271,
                    "rotation": 0.0165
                }
            },
            {
                "id": 12,
                "polygon": {
                    "x0": 782,
                    "y0": 1086,
                    "x1": 790,
                    "y1": 991,
                    "x2": 522,
                    "y2": 968,
                    "x3": 514,
                    "y3": 1064
                },
                "yolo_standard": {
                    "x_center": 0.3596,
                    "y_center": 0.653417,
                    "w": 0.148126,
                    "h": 0.060848,
                    "rotation": 0.0833
                }
            },
            {
                "id": 13,
                "polygon": {
                    "x0": 1497,